-- phpMyAdmin SQL Dump
-- version 5.2.1
-- https://www.phpmyadmin.net/
--
-- Host: 127.0.0.1:3306
-- Generation Time: Nov 04, 2024 at 05:13 PM
-- Server version: 8.3.0
-- PHP Version: 8.2.18

SET SQL_MODE = "NO_AUTO_VALUE_ON_ZERO";
START TRANSACTION;
SET time_zone = "+00:00";


/*!40101 SET @OLD_CHARACTER_SET_CLIENT=@@CHARACTER_SET_CLIENT */;
/*!40101 SET @OLD_CHARACTER_SET_RESULTS=@@CHARACTER_SET_RESULTS */;
/*!40101 SET @OLD_COLLATION_CONNECTION=@@COLLATION_CONNECTION */;
/*!40101 SET NAMES utf8mb4 */;

--
-- Database: `errands_db`
--

-- --------------------------------------------------------

--
-- Table structure for table `cache`
--

DROP TABLE IF EXISTS `cache`;
CREATE TABLE IF NOT EXISTS `cache` (
  `key` varchar(91) COLLATE utf8mb4_unicode_ci NOT NULL,
  `value` mediumtext COLLATE utf8mb4_unicode_ci NOT NULL,
  `expiration` int NOT NULL,
  PRIMARY KEY (`key`)
) ENGINE=MyISAM DEFAULT CHARSET=utf8mb4 COLLATE=utf8mb4_unicode_ci;

-- --------------------------------------------------------

--
-- Table structure for table `cache_locks`
--

DROP TABLE IF EXISTS `cache_locks`;
CREATE TABLE IF NOT EXISTS `cache_locks` (
  `key` varchar(91) COLLATE utf8mb4_unicode_ci NOT NULL,
  `owner` varchar(255) COLLATE utf8mb4_unicode_ci NOT NULL,
  `expiration` int NOT NULL,
  PRIMARY KEY (`key`)
) ENGINE=MyISAM DEFAULT CHARSET=utf8mb4 COLLATE=utf8mb4_unicode_ci;

-- --------------------------------------------------------

--
-- Table structure for table `customers`
--

DROP TABLE IF EXISTS `customers`;
CREATE TABLE IF NOT EXISTS `customers` (
  `id` bigint UNSIGNED NOT NULL AUTO_INCREMENT,
  `customer_name` varchar(255) COLLATE utf8mb4_unicode_ci NOT NULL,
  `user_id` bigint UNSIGNED NOT NULL,
  `email` varchar(92) COLLATE utf8mb4_unicode_ci NOT NULL DEFAULT '',
  `phone_number` varchar(255) COLLATE utf8mb4_unicode_ci NOT NULL DEFAULT '',
  `address` varchar(255) COLLATE utf8mb4_unicode_ci NOT NULL DEFAULT '',
  `created_at` timestamp NULL DEFAULT NULL,
  `updated_at` timestamp NULL DEFAULT NULL,
  PRIMARY KEY (`id`),
  KEY `customers_user_id_foreign` (`user_id`)
) ENGINE=MyISAM AUTO_INCREMENT=22 DEFAULT CHARSET=utf8mb4 COLLATE=utf8mb4_unicode_ci;

--
-- Dumping data for table `customers`
--

INSERT INTO `customers` (`id`, `customer_name`, `user_id`, `email`, `phone_number`, `address`, `created_at`, `updated_at`) VALUES
(1, 'Leeky Juma', 1, '', '', '', '2024-11-01 18:09:36', '2024-11-01 18:09:36'),
(2, 'Cecelia Windler IV', 187, 'qolson@gmail.com', '1-667-792-1916', '6448 Pagac Drive Suite 933\nEast Alvinahaven, FL 08770', '2024-11-04 12:15:15', '2024-11-04 12:15:15'),
(3, 'Dr. Pattie Lesch', 281, 'candice29@yahoo.com', '+1.551.207.6730', '73687 Feeney Crossroad Apt. 451\nLake Althea, NH 03110', '2024-11-04 12:15:15', '2024-11-04 12:15:15'),
(4, 'Mrs. Mary Corwin', 276, 'jones.edmond@gmail.com', '(743) 960-8756', '98889 Jeanne Isle Suite 194\nPort Randall, CO 92393', '2024-11-04 12:15:15', '2024-11-04 12:15:15'),
(5, 'Lilliana Kiehn', 155, 'mlangworth@gutmann.org', '1-279-440-8620', '783 Sherwood Camp Apt. 502\nLake June, KY 59327', '2024-11-04 12:15:15', '2024-11-04 12:15:15'),
(6, 'Vita Wyman', 293, 'donnelly.carey@gmail.com', '380.417.5063', '5317 Eino Valley\nLake Lauryn, FL 03359-1948', '2024-11-04 12:15:15', '2024-11-04 12:15:15'),
(7, 'Marcella Kunde', 288, 'jboehm@moore.com', '(626) 658-4547', '2313 Kutch Expressway\nNorth Kyleeberg, OK 88599-6297', '2024-11-04 12:15:15', '2024-11-04 12:15:15'),
(8, 'Felipe Schinner I', 186, 'psmith@gmail.com', '+1-469-457-6121', '458 D\'Amore Spur\nZacharyfurt, NC 58399', '2024-11-04 12:15:15', '2024-11-04 12:15:15'),
(9, 'Cortney Deckow', 11, 'vlebsack@yahoo.com', '+1-360-756-6379', '6902 Demarcus Lodge\nSarinatown, SD 77409-2466', '2024-11-04 12:15:15', '2024-11-04 12:15:15'),
(10, 'Shanna Lind', 291, 'vernice.schamberger@yahoo.com', '563-959-5992', '61719 Glover Court\nD\'Amoreton, KY 28330-6823', '2024-11-04 12:15:15', '2024-11-04 12:15:15'),
(11, 'Conor Collier MD', 233, 'horacio.emmerich@smitham.com', '(520) 873-4334', '23101 Kunde Harbors Suite 419\nReynoldfort, MT 64949', '2024-11-04 12:15:15', '2024-11-04 12:15:15'),
(12, 'Felix Cremin', 286, 'azieme@gmail.com', '1-775-417-9004', '7409 Keanu Plains Suite 275\nEast Virgieside, MT 88626', '2024-11-04 12:15:15', '2024-11-04 12:15:15'),
(13, 'Ruth Anderson', 39, 'jaylon.pfeffer@gmail.com', '938.858.7435', '75524 Madison Brook\nWest Deonte, MO 39049', '2024-11-04 12:15:15', '2024-11-04 12:15:15'),
(14, 'Dr. Nicholaus Bode', 108, 'dbednar@kilback.info', '+1-385-294-0056', '41507 Schmidt Islands Apt. 592\nWest Loustad, NV 88691', '2024-11-04 12:15:15', '2024-11-04 12:15:15'),
(15, 'Jedidiah Reynolds', 149, 'dibbert.victoria@yahoo.com', '+1 (980) 427-2868', '16157 Simonis Causeway\nEdaburgh, FL 19977', '2024-11-04 12:15:15', '2024-11-04 12:15:15'),
(16, 'Breanna Stiedemann', 113, 'stroman.dorian@rohan.com', '540-468-3308', '536 Carter Port Suite 858\nNew Abelberg, OK 61835-0522', '2024-11-04 12:15:15', '2024-11-04 12:15:15'),
(17, 'Van Jacobson', 160, 'brent.cummerata@hotmail.com', '(386) 316-3751', '70392 Edwardo Run\nHaleighberg, OH 93153', '2024-11-04 12:15:15', '2024-11-04 12:15:15'),
(18, 'Mr. Jarret Schulist I', 140, 'kemmer.evangeline@bahringer.com', '1-734-244-4964', '808 Penelope Key\nLake Elliot, GA 49513', '2024-11-04 12:15:15', '2024-11-04 12:15:15'),
(19, 'Christian Kohler Jr.', 121, 'wehner.pasquale@skiles.com', '(903) 495-8576', '905 Erin Street Apt. 630\nBogantown, NY 06572', '2024-11-04 12:15:15', '2024-11-04 12:15:15'),
(20, 'Dr. Cullen Hammes II', 52, 'garfield.lakin@dach.info', '920-465-5000', '349 Kris Ports Suite 621\nSouth Providenci, AL 34033-6060', '2024-11-04 12:15:15', '2024-11-04 12:15:15'),
(21, 'Amos Moen', 225, 'ygoodwin@yahoo.com', '305-456-6718', '17773 Halvorson Roads Suite 269\nAracelybury, SC 46548', '2024-11-04 12:15:15', '2024-11-04 12:15:15');

-- --------------------------------------------------------

--
-- Table structure for table `errands`
--

DROP TABLE IF EXISTS `errands`;
CREATE TABLE IF NOT EXISTS `errands` (
  `id` bigint UNSIGNED NOT NULL AUTO_INCREMENT,
  `title` varchar(255) COLLATE utf8mb4_unicode_ci NOT NULL,
  `description` text COLLATE utf8mb4_unicode_ci NOT NULL,
  `salary` int UNSIGNED NOT NULL,
  `phone_number` varchar(255) COLLATE utf8mb4_unicode_ci DEFAULT NULL,
  `location` varchar(255) COLLATE utf8mb4_unicode_ci NOT NULL,
  `category` varchar(255) COLLATE utf8mb4_unicode_ci NOT NULL,
  `experience` enum('entry','intermediate','senior') COLLATE utf8mb4_unicode_ci NOT NULL,
  `created_at` timestamp NULL DEFAULT NULL,
  `updated_at` timestamp NULL DEFAULT NULL,
  `customer_id` bigint UNSIGNED NOT NULL,
  `deleted_at` timestamp NULL DEFAULT NULL,
  `status` enum('in_progress','completed') COLLATE utf8mb4_unicode_ci NOT NULL DEFAULT 'in_progress',
  PRIMARY KEY (`id`),
  KEY `errands_customer_id_foreign` (`customer_id`)
) ENGINE=MyISAM AUTO_INCREMENT=102 DEFAULT CHARSET=utf8mb4 COLLATE=utf8mb4_unicode_ci;

--
-- Dumping data for table `errands`
--

INSERT INTO `errands` (`id`, `title`, `description`, `salary`, `phone_number`, `location`, `category`, `experience`, `created_at`, `updated_at`, `customer_id`, `deleted_at`, `status`) VALUES
(1, 'Cheque Deposit', 'You are required to deposit cheques around Nairobi if interested please call +254723708814', 5000, NULL, 'Nairobi', 'specialized errands', 'entry', '2024-11-01 18:10:32', '2024-11-04 12:11:38', 1, NULL, 'completed'),
(2, 'Buffing and Polishing Operator', 'Natus et qui dolor tenetur. Eius maxime asperiores expedita sit aut. Est qui aut veritatis modi id atque sed.', 33068, '(323) 893-7141', 'Emardbury', 'concierge services', 'senior', '2024-11-04 12:15:15', '2024-11-04 12:15:15', 9, NULL, 'in_progress'),
(3, 'Occupational Health Safety Technician', 'Provident quia commodi quis eum hic nemo doloremque. Et sunt sint animi eveniet autem. Veniam necessitatibus commodi omnis ipsam rem dolores et. Aut dolorem suscipit dolores rem fugit.', 64555, '650-769-4475', 'Legrosburgh', 'concierge services', 'senior', '2024-11-04 12:15:15', '2024-11-04 12:15:15', 19, NULL, 'in_progress'),
(4, 'Marine Engineer', 'Dolor sequi nihil molestiae sit fuga eius tempora. Aut eveniet et perspiciatis porro sunt tempore. Exercitationem ut iure sed voluptatem. Libero itaque minus qui magnam.', 80044, '1-540-708-5910', 'Darbymouth', 'Basic errand', 'entry', '2024-11-04 12:15:15', '2024-11-04 12:15:15', 7, NULL, 'in_progress'),
(5, 'Technical Director', 'Distinctio nesciunt nisi ex odit adipisci. Vero qui est dolorem quibusdam occaecati. Ut et hic ratione pariatur.', 9258, '+1-678-574-3754', 'Bernierchester', 'concierge services', 'entry', '2024-11-04 12:15:15', '2024-11-04 12:15:15', 1, NULL, 'in_progress'),
(6, 'Veterinary Assistant OR Laboratory Animal Caretaker', 'Et provident odit qui laudantium perspiciatis delectus saepe. Perspiciatis ea dolorem voluptatem dolorum rerum alias vitae dignissimos. Et quam sequi odio assumenda enim nobis fugiat atque.', 45669, '763-920-4925', 'Magnusborough', 'concierge services', 'intermediate', '2024-11-04 12:15:15', '2024-11-04 12:15:15', 21, NULL, 'in_progress'),
(7, 'Production Worker', 'Quis minima nisi est mollitia ea sit esse. Similique voluptatibus nulla cum molestiae fuga deleniti. Iure qui nihil quae rerum id in facilis. Eaque rerum harum quia dolorum.', 93934, '1-786-684-0471', 'Naderbury', 'specialized errands', 'entry', '2024-11-04 12:15:15', '2024-11-04 12:15:15', 20, NULL, 'in_progress'),
(8, 'Program Director', 'Omnis corporis tenetur alias doloribus quia consectetur modi. Ut dolor itaque excepturi quam. Ex ut ut hic blanditiis. Qui nobis pariatur eum praesentium quos qui optio.', 29999, '667.486.2173', 'North Jessfort', 'specialized errands', 'entry', '2024-11-04 12:15:15', '2024-11-04 12:15:15', 2, NULL, 'in_progress'),
(9, 'Municipal Fire Fighting Supervisor', 'Perspiciatis excepturi et consectetur et id fugiat cumque dolorum. Rem praesentium est mollitia et recusandae repellat. Qui amet ipsum est. Sit suscipit modi veniam voluptatem nostrum quia.', 95590, '432-655-5262', 'East Horace', 'concierge services', 'intermediate', '2024-11-04 12:15:15', '2024-11-04 12:15:15', 19, NULL, 'in_progress'),
(10, 'Patternmaker', 'Reiciendis dolores fugit consequatur et minima corrupti sed. Dolorem aut accusantium distinctio ab animi voluptas reprehenderit. Sint omnis deleniti suscipit qui corrupti delectus. Maxime et asperiores placeat ut ut illum occaecati.', 96022, '+13103593506', 'Lake Staceybury', 'Basic errand', 'senior', '2024-11-04 12:15:15', '2024-11-04 12:15:15', 7, NULL, 'in_progress'),
(11, 'Petroleum Engineer', 'In sequi repellat tempora et laboriosam voluptates voluptatem dolores. Sit voluptatem placeat eos perspiciatis. Aspernatur praesentium ut ullam minima qui amet perferendis.', 18327, '+17656358443', 'Mafaldahaven', 'concierge services', 'senior', '2024-11-04 12:15:15', '2024-11-04 12:15:15', 6, NULL, 'in_progress'),
(12, 'Economist', 'Aspernatur a autem quis ut facere eius aperiam et. Voluptatum dolore sit earum similique qui. Aperiam cum dolores a sit veniam. Est officiis quaerat maiores officiis.', 15074, '270.895.5503', 'East Sebastianmouth', 'specialized errands', 'entry', '2024-11-04 12:15:15', '2024-11-04 12:15:15', 19, NULL, 'in_progress'),
(13, 'Real Estate Broker', 'Voluptatem rem sit tempore aut. Consequatur tempora eos ab cum quisquam. Fugit veritatis ullam aut accusamus similique.', 50629, '(703) 235-5263', 'North Abdielside', 'specialized errands', 'intermediate', '2024-11-04 12:15:15', '2024-11-04 12:15:15', 1, NULL, 'in_progress'),
(14, 'Security Guard', 'Ut illo qui ut facere facilis cupiditate. Qui porro et ipsam et facilis laboriosam dolorem. Impedit commodi eos est exercitationem excepturi non accusantium.', 21202, '1-580-650-1590', 'West Adrienneview', 'specialized errands', 'intermediate', '2024-11-04 12:15:15', '2024-11-04 12:15:15', 14, NULL, 'in_progress'),
(15, 'Computer Systems Analyst', 'Optio porro sint voluptates dolores reiciendis. Illum consequatur deleniti aut autem. Aut est animi esse aperiam perferendis. Cupiditate possimus dicta saepe nam rerum qui. Eius voluptas eum libero eveniet voluptate doloremque qui.', 90043, '559-663-2406', 'North Rylan', 'Basic errand', 'entry', '2024-11-04 12:15:15', '2024-11-04 12:15:15', 13, NULL, 'in_progress'),
(16, 'Annealing Machine Operator', 'Explicabo nesciunt blanditiis reprehenderit minus nemo deleniti voluptatibus sed. Nesciunt itaque quia fuga animi. Vitae quis voluptatem impedit ipsa. Nihil officia molestiae omnis labore perspiciatis doloribus sequi beatae.', 64544, '352.685.8068', 'Jerdetown', 'Basic errand', 'intermediate', '2024-11-04 12:15:15', '2024-11-04 12:15:15', 6, NULL, 'in_progress'),
(17, 'Audio-Visual Collections Specialist', 'Aut laborum numquam dolores est perferendis qui. Sed praesentium sit qui laboriosam. Corrupti quia animi autem. Aut accusantium totam dolorum aperiam tempora.', 95348, '+15204506691', 'Madgehaven', 'concierge services', 'intermediate', '2024-11-04 12:15:15', '2024-11-04 12:15:15', 3, NULL, 'in_progress'),
(18, 'Percussion Instrument Repairer', 'Sunt pariatur voluptatum voluptatem et quidem. Id suscipit iste quis tenetur consequuntur ex. Ducimus sit culpa iusto non.', 27356, '1-907-375-2881', 'New Natashatown', 'specialized errands', 'entry', '2024-11-04 12:15:15', '2024-11-04 12:15:15', 14, NULL, 'in_progress'),
(19, 'Home', 'Et sed illum ut et omnis et doloremque ipsam. Ex et dignissimos dolorum officia. Voluptates omnis aut voluptatibus sunt. Veritatis nihil mollitia ducimus et similique delectus enim.', 25026, '+1-520-525-1668', 'Schillerhaven', 'concierge services', 'senior', '2024-11-04 12:15:15', '2024-11-04 12:15:15', 3, NULL, 'in_progress'),
(20, 'Plating Machine Operator', 'Consequuntur fugit voluptatem dolores expedita. Accusamus et impedit quod consequuntur. Dolorem tempore fugiat omnis dolor quaerat. Vel sit est ducimus.', 8635, '515-488-5118', 'West Omari', 'Basic errand', 'senior', '2024-11-04 12:15:15', '2024-11-04 12:15:15', 7, NULL, 'in_progress'),
(21, 'Model Maker', 'Quidem doloribus delectus qui ut fuga eveniet dolorem. Amet velit nemo vero ipsam. Aliquam quasi repellendus sed fugiat quaerat est est.', 11562, '520-318-4509', 'West Jeramie', 'specialized errands', 'intermediate', '2024-11-04 12:15:15', '2024-11-04 12:15:15', 11, NULL, 'in_progress'),
(22, 'Product Promoter', 'Doloribus id accusamus aut quia repellendus quaerat. Nisi ab voluptatibus numquam similique cumque. Ab nihil rerum aut eos reprehenderit.', 24316, '860.282.4604', 'New Darbyburgh', 'Basic errand', 'intermediate', '2024-11-04 12:15:15', '2024-11-04 12:15:15', 3, NULL, 'in_progress'),
(23, 'Employment Interviewer', 'Ea optio dolorem fuga consequuntur assumenda. Sit voluptatem ipsa recusandae libero. Aut est mollitia cum qui molestiae.', 53354, '1-541-262-2075', 'Kenyonberg', 'specialized errands', 'intermediate', '2024-11-04 12:15:15', '2024-11-04 12:15:15', 20, NULL, 'in_progress'),
(24, 'Order Filler', 'Eos iure earum modi nihil et voluptas consequuntur. Voluptatum consequatur voluptatem enim autem veniam doloremque iure. Nihil aspernatur in expedita dicta.', 97366, '1-602-873-1031', 'Port Janice', 'concierge services', 'entry', '2024-11-04 12:15:15', '2024-11-04 12:15:15', 17, NULL, 'in_progress'),
(25, 'Recordkeeping Clerk', 'Illo omnis ipsum occaecati nesciunt ratione labore sit sint. Alias adipisci reiciendis deserunt sit officia. Illum ut sint in doloribus ex cumque. Atque porro odio et id voluptatem sunt sed.', 69772, '1-458-606-8081', 'South Madelyn', 'specialized errands', 'intermediate', '2024-11-04 12:15:15', '2024-11-04 12:15:15', 13, NULL, 'in_progress'),
(26, 'Heaters', 'Cumque aliquam odit quisquam perferendis qui harum cupiditate. Voluptatem aut dolores magni voluptatem quos vel. Consequatur odit vero nulla aut sequi.', 7712, '+18453769905', 'East Mariano', 'concierge services', 'intermediate', '2024-11-04 12:15:15', '2024-11-04 12:15:15', 16, NULL, 'in_progress'),
(27, 'Tool and Die Maker', 'Eligendi porro quae et repellat rem esse. Unde nihil dolore error aperiam. Voluptatum ut consequatur consequatur cupiditate. Facilis mollitia quae ut qui et eum.', 73636, '1-775-306-0395', 'East Yazminton', 'Basic errand', 'intermediate', '2024-11-04 12:15:15', '2024-11-04 12:15:15', 12, NULL, 'in_progress'),
(28, 'Tool and Die Maker', 'Laborum dolores at consequatur. Qui mollitia corporis quasi quasi ut veniam. Officiis iste iusto eveniet et. Enim dolore qui eveniet eum sequi.', 17276, '346-637-8590', 'Lonieland', 'concierge services', 'entry', '2024-11-04 12:15:15', '2024-11-04 12:15:15', 7, NULL, 'in_progress'),
(29, 'Heating Equipment Operator', 'Ut sunt illum minus occaecati saepe vel. Voluptatibus laboriosam est necessitatibus. Voluptatum assumenda et recusandae illum expedita rerum.', 13554, '+1-603-545-1739', 'Geoffreyland', 'concierge services', 'intermediate', '2024-11-04 12:15:15', '2024-11-04 12:15:15', 14, NULL, 'in_progress'),
(30, 'Spotters', 'Similique eius earum et. Sed dolor est ullam porro consequatur explicabo facere ex. Quis velit suscipit nisi dolorum. Ex sed repudiandae dolorem quis exercitationem quod.', 34816, '+1-628-777-7051', 'Kilbackton', 'specialized errands', 'senior', '2024-11-04 12:15:15', '2024-11-04 12:15:15', 21, NULL, 'in_progress'),
(31, 'Locksmith', 'Qui aut excepturi qui omnis atque. Sit incidunt est hic facere. Numquam libero ducimus qui. Beatae officia incidunt eum porro.', 75815, '253.559.2198', 'New Darrylfurt', 'concierge services', 'senior', '2024-11-04 12:15:15', '2024-11-04 12:15:15', 12, NULL, 'in_progress'),
(32, 'Engineering', 'Pariatur adipisci ad dolore totam animi dolorem ut. Impedit perspiciatis illo quaerat quibusdam rerum.', 76710, '+1-276-282-2643', 'Sauermouth', 'concierge services', 'entry', '2024-11-04 12:15:15', '2024-11-04 12:15:15', 11, NULL, 'in_progress'),
(33, 'Rehabilitation Counselor', 'Rem eaque sapiente consequatur recusandae consequuntur earum in. Fugiat dolores perspiciatis repellendus distinctio dolorum ut esse doloribus. Ipsa itaque consequuntur saepe mollitia velit pariatur voluptates. Libero et eaque sint vel.', 21919, '+1 (336) 465-2290', 'Robbiefurt', 'Basic errand', 'intermediate', '2024-11-04 12:15:15', '2024-11-04 12:15:15', 11, NULL, 'in_progress'),
(34, 'Fiber Product Cutting Machine Operator', 'Veritatis aspernatur dignissimos pariatur optio similique. At a aperiam consequuntur. Corporis quasi nihil cum tenetur. Quis accusantium harum soluta occaecati.', 29897, '406.415.7290', 'New Paulinechester', 'Basic errand', 'senior', '2024-11-04 12:15:15', '2024-11-04 12:15:15', 10, NULL, 'in_progress'),
(35, 'Explosives Expert', 'Est sint quasi odit iusto. Neque ut rerum ut voluptas eos. Ut consequatur voluptas voluptatem quia ducimus occaecati. Laborum et non velit consequuntur.', 34551, '308.892.8665', 'New Zanderbury', 'Basic errand', 'entry', '2024-11-04 12:15:15', '2024-11-04 12:15:15', 12, NULL, 'in_progress'),
(36, 'Able Seamen', 'Est architecto voluptas velit quia eum excepturi. Sint molestias quia nihil repudiandae pariatur. Culpa illum ex hic omnis architecto.', 75196, '+1.951.416.7962', 'South Sherman', 'concierge services', 'senior', '2024-11-04 12:15:15', '2024-11-04 12:15:15', 6, NULL, 'in_progress'),
(37, 'Health Educator', 'Veritatis recusandae et omnis. Ducimus tempore nisi laborum sapiente architecto. Magni et tempora sunt molestias mollitia labore totam molestiae. Sapiente sit ut earum dignissimos ut quia quis.', 77855, '332-873-6833', 'Americamouth', 'concierge services', 'entry', '2024-11-04 12:15:15', '2024-11-04 12:15:15', 20, NULL, 'in_progress'),
(38, 'Food Batchmaker', 'Voluptatem praesentium dolor blanditiis omnis maiores sit qui. Quaerat vitae molestiae temporibus eveniet et unde aspernatur quia. Quo et sit quis autem laboriosam aut. Dolores incidunt dolorem eligendi cupiditate ab cum.', 93652, '480-429-0534', 'Sallieton', 'concierge services', 'senior', '2024-11-04 12:15:15', '2024-11-04 12:15:15', 3, NULL, 'in_progress'),
(39, 'Occupational Therapist Assistant', 'Aliquid voluptatem quia porro rem. Rerum distinctio dicta voluptates est eaque est. Voluptas et deserunt omnis autem quod sint aspernatur. Accusantium eveniet enim molestiae voluptas soluta voluptatem.', 96075, '+1-228-339-0675', 'Derickshire', 'Basic errand', 'entry', '2024-11-04 12:15:15', '2024-11-04 12:15:15', 8, NULL, 'in_progress'),
(40, 'Municipal Fire Fighter', 'Maxime rerum tempora aliquam sit maiores. Quia ea necessitatibus quasi quia quod velit eum voluptas. Rerum laudantium at non et et ut a. Odio est assumenda iure perferendis sint.', 33806, '609-405-9404', 'Orvilleview', 'Basic errand', 'intermediate', '2024-11-04 12:15:15', '2024-11-04 12:15:15', 6, NULL, 'in_progress'),
(41, 'Rock Splitter', 'Ut reiciendis quis animi impedit. Doloribus accusamus neque dolor ut tenetur eaque. Dolor dolorem libero voluptas velit sint corrupti laboriosam aspernatur.', 9264, '1-860-998-2649', 'Sawaynshire', 'specialized errands', 'entry', '2024-11-04 12:15:15', '2024-11-04 12:15:15', 6, NULL, 'in_progress'),
(42, 'Usher', 'Non earum dolores consectetur et aut ea. Rem animi nihil dolores.', 52479, '+1-252-574-3496', 'North Daynastad', 'Basic errand', 'intermediate', '2024-11-04 12:15:15', '2024-11-04 12:15:15', 4, NULL, 'in_progress'),
(43, 'Furnace Operator', 'Hic saepe nisi cum aperiam expedita maxime. Dolor in occaecati a voluptatibus dolore reiciendis. Placeat impedit voluptates sit ipsa et. Tempora amet voluptas id et omnis.', 82729, '(214) 767-6070', 'West Tatyana', 'concierge services', 'senior', '2024-11-04 12:15:15', '2024-11-04 12:15:15', 16, NULL, 'in_progress'),
(44, 'Artillery Crew Member', 'Omnis nisi labore possimus velit est. Quia qui tenetur labore. A asperiores temporibus consectetur voluptatem sint dolorum. Exercitationem quia facere et qui corrupti. Libero iure aut rerum in.', 38168, '+1.302.849.2029', 'North Elissa', 'specialized errands', 'senior', '2024-11-04 12:15:15', '2024-11-04 12:15:15', 5, NULL, 'in_progress'),
(45, 'Scanner Operator', 'Expedita dolores autem cum voluptatibus. Ex nesciunt voluptatum ea quidem reprehenderit non optio. Iure dolores voluptate delectus dolorem blanditiis.', 59600, '231.975.0220', 'Vitofort', 'concierge services', 'intermediate', '2024-11-04 12:15:15', '2024-11-04 12:15:15', 19, NULL, 'in_progress'),
(46, 'Gauger', 'Non dolores molestiae nam distinctio. A animi voluptas doloribus voluptas in. Totam tempora rem consequuntur labore adipisci molestiae veritatis cupiditate.', 68622, '+1 (318) 341-9236', 'Berenicestad', 'Basic errand', 'entry', '2024-11-04 12:15:15', '2024-11-04 12:15:15', 2, NULL, 'in_progress'),
(47, 'Environmental Engineering Technician', 'Aut ipsa molestiae repudiandae voluptatem amet. Consequatur cupiditate cum ea. Enim delectus provident non sequi dolorum dolorum. Nesciunt id corrupti molestiae est et. Animi natus est ut sit earum illo ab.', 77154, '650-899-0957', 'Crooksfurt', 'specialized errands', 'senior', '2024-11-04 12:15:15', '2024-11-04 12:15:15', 20, NULL, 'in_progress'),
(48, 'Hazardous Materials Removal Worker', 'Aliquid consectetur delectus excepturi et reprehenderit necessitatibus magni. Quos similique distinctio rerum nulla eum aliquam. Dicta et id necessitatibus quo.', 23776, '435.762.3590', 'North Tatyanafurt', 'concierge services', 'intermediate', '2024-11-04 12:15:15', '2024-11-04 12:15:15', 14, NULL, 'in_progress'),
(49, 'Customer Service Representative', 'Accusamus doloremque aut saepe quasi odit. Dignissimos temporibus quis expedita odio. Veritatis ipsum sunt necessitatibus omnis. Doloremque quia qui commodi est ea dolores.', 75926, '838.377.6836', 'East Georgianna', 'specialized errands', 'entry', '2024-11-04 12:15:15', '2024-11-04 12:15:15', 20, NULL, 'in_progress'),
(50, 'Utility Meter Reader', 'Aut tempore labore architecto et eligendi eius labore. Odit ducimus quia qui excepturi dolores autem corporis. Aut dicta error fuga dolorum. Animi pariatur aut nihil id.', 33963, '(682) 998-8527', 'Percivalbury', 'Basic errand', 'senior', '2024-11-04 12:15:15', '2024-11-04 12:15:15', 19, NULL, 'in_progress'),
(51, 'Geographer', 'Ipsa cupiditate voluptas blanditiis eius rerum soluta illum. Assumenda totam cupiditate officiis error labore exercitationem. Deserunt alias dolorem mollitia occaecati nisi non. Nihil et et eos velit quia sint officia maiores. Blanditiis velit ullam aut quia.', 65190, '+1-586-479-3400', 'South Crawford', 'specialized errands', 'intermediate', '2024-11-04 12:15:15', '2024-11-04 12:15:15', 6, NULL, 'in_progress'),
(52, 'State', 'Ipsum suscipit ipsum rerum alias eum modi. Autem sit non eos. Pariatur voluptas iusto sed distinctio nihil nobis provident. Tempore eligendi quis nemo provident error eligendi repellat.', 41777, '+1 (351) 817-5597', 'New Elfrieda', 'specialized errands', 'intermediate', '2024-11-04 12:15:15', '2024-11-04 12:15:15', 14, NULL, 'in_progress'),
(53, 'Chemist', 'Quo ut voluptatibus illum porro et dolorem voluptate eum. Voluptate et voluptas voluptatum assumenda magni autem porro. Accusantium eos amet vel consequatur similique aut fuga.', 86571, '+1-303-890-0506', 'Einochester', 'Basic errand', 'entry', '2024-11-04 12:15:15', '2024-11-04 12:15:15', 4, NULL, 'in_progress'),
(54, 'Animal Care Workers', 'Consequuntur voluptas consequatur veniam impedit est velit quidem. Distinctio aliquid quasi est dignissimos est est. Iusto qui non perspiciatis tenetur recusandae praesentium. Aliquam dolores odit ratione enim maiores temporibus.', 86007, '817.278.4251', 'Zakaryborough', 'Basic errand', 'senior', '2024-11-04 12:15:15', '2024-11-04 12:15:15', 8, NULL, 'in_progress'),
(55, 'Mechanical Equipment Sales Representative', 'Sit praesentium deserunt et. Totam dolor facilis culpa dolor. Voluptas aliquid sunt ratione expedita sit eius. Quis ut hic velit est quia necessitatibus quisquam.', 57055, '1-458-870-7990', 'Evansberg', 'Basic errand', 'intermediate', '2024-11-04 12:15:15', '2024-11-04 12:15:15', 10, NULL, 'in_progress'),
(56, 'Construction Laborer', 'Eveniet molestiae consectetur eos delectus. Voluptatem eum repellendus provident ipsum est sit adipisci. Cumque in aut quas.', 12704, '1-580-689-6638', 'New Edna', 'concierge services', 'entry', '2024-11-04 12:15:15', '2024-11-04 12:15:15', 7, NULL, 'in_progress'),
(57, 'Vice President Of Human Resources', 'Totam culpa enim ipsam veniam nobis perferendis molestiae. Quod molestiae vero et tempora dolorem aut. Adipisci sapiente optio explicabo et.', 88754, '(283) 393-5528', 'Eldredview', 'Basic errand', 'entry', '2024-11-04 12:15:15', '2024-11-04 12:15:15', 16, NULL, 'in_progress'),
(58, 'Manager of Weapons Specialists', 'Et reprehenderit voluptatum modi debitis. Rerum libero vel nobis voluptate. Et quos temporibus possimus rerum placeat. Nihil et dolorem suscipit numquam eum rerum.', 46103, '+1.772.487.0359', 'Schambergerview', 'concierge services', 'entry', '2024-11-04 12:15:15', '2024-11-04 12:15:15', 11, NULL, 'in_progress'),
(59, 'Terrazzo Workes and Finisher', 'Minima quis quis natus dolorem ea omnis exercitationem vero. Omnis aut quas commodi dolore qui error. Totam rem in aut autem ut. Impedit repellendus mollitia quasi dolorum. Sunt necessitatibus architecto optio et animi provident.', 40590, '1-743-297-6646', 'Jerryberg', 'specialized errands', 'senior', '2024-11-04 12:15:15', '2024-11-04 12:15:15', 17, NULL, 'in_progress'),
(60, 'Technical Writer', 'Non porro ut unde ipsa est. Voluptatem eius ut rem nihil ipsam ipsum.', 65052, '516-252-9286', 'Jacobsside', 'Basic errand', 'entry', '2024-11-04 12:15:15', '2024-11-04 12:15:15', 12, NULL, 'in_progress'),
(61, 'Funeral Attendant', 'Doloremque nesciunt modi aut porro nam ut alias. Rerum vel velit doloremque assumenda harum repellat autem. Sit ut rerum dolor similique blanditiis.', 92097, '+1-732-442-2888', 'Labadiebury', 'specialized errands', 'senior', '2024-11-04 12:15:15', '2024-11-04 12:15:15', 6, NULL, 'in_progress'),
(62, 'Insurance Policy Processing Clerk', 'Saepe quidem eius dolores recusandae magnam qui sapiente ut. Consequuntur nihil suscipit cum velit beatae cum.', 46314, '934-524-5791', 'East Magnus', 'specialized errands', 'entry', '2024-11-04 12:15:15', '2024-11-04 12:15:15', 13, NULL, 'in_progress'),
(63, 'Job Printer', 'In facilis aliquam quam rerum aliquid. Ea rerum rerum doloribus ut neque eum id aut. Voluptas ut consequatur in eligendi beatae officia.', 17484, '1-857-400-4327', 'Weimannshire', 'specialized errands', 'intermediate', '2024-11-04 12:15:15', '2024-11-04 12:15:15', 16, NULL, 'in_progress'),
(64, 'Library Worker', 'Harum possimus aut eum rerum qui minima deleniti. Consequatur et ut voluptatem natus animi. Eaque enim provident placeat laboriosam porro ut ut.', 35497, '(620) 890-8029', 'Chelseaport', 'specialized errands', 'intermediate', '2024-11-04 12:15:15', '2024-11-04 12:15:15', 1, NULL, 'in_progress'),
(65, 'Substance Abuse Counselor', 'Ut quis sit numquam. Accusantium et porro expedita ut est aut eaque. Ut ad soluta perspiciatis odit dolorem ratione maxime. Debitis sit vero velit hic et.', 87166, '(973) 739-2479', 'North Roger', 'Basic errand', 'senior', '2024-11-04 12:15:15', '2024-11-04 12:15:15', 14, NULL, 'in_progress'),
(66, 'Dot Etcher', 'Voluptates hic sunt sint odit. In vitae facere quis in aliquam esse. Adipisci saepe corporis voluptatem et quia blanditiis magni. Voluptates tempora maiores repellendus laboriosam.', 80686, '1-820-946-2375', 'Beckershire', 'specialized errands', 'entry', '2024-11-04 12:15:15', '2024-11-04 12:15:15', 3, NULL, 'in_progress'),
(67, 'Law Enforcement Teacher', 'Velit illo ab quo dolor sed. Nam tempore voluptas et molestiae maxime.', 96350, '+17167315913', 'Lake Gussie', 'Basic errand', 'entry', '2024-11-04 12:15:15', '2024-11-04 12:15:15', 10, NULL, 'in_progress'),
(68, 'Mathematician', 'Quo molestias repellat sunt exercitationem et. Ut aut totam quas sed dolores. Ab est ullam atque alias enim voluptate deserunt necessitatibus.', 71759, '650-740-3211', 'West Narcisoland', 'specialized errands', 'entry', '2024-11-04 12:15:15', '2024-11-04 12:15:15', 3, NULL, 'in_progress'),
(69, 'Farmworker', 'Consequuntur eos aut sint est accusantium non beatae. Officia molestiae voluptatem ipsa quibusdam dolores. Dolor et eveniet ratione assumenda consectetur eaque soluta sit. Qui qui dolor cumque.', 37182, '(928) 306-7755', 'West Kathlyn', 'concierge services', 'intermediate', '2024-11-04 12:15:15', '2024-11-04 12:15:15', 13, NULL, 'in_progress'),
(70, 'Bellhop', 'Dolor ducimus ad illum assumenda. Quam dicta repudiandae hic ut ad consectetur. Tenetur et eius occaecati nostrum distinctio ut. Suscipit unde odit aperiam.', 78227, '+13865919559', 'Dorthashire', 'specialized errands', 'entry', '2024-11-04 12:15:15', '2024-11-04 12:15:15', 4, NULL, 'in_progress'),
(71, 'Aircraft Engine Specialist', 'Ex quia est dolorum incidunt ut quas officiis. Ut sed natus velit corrupti vel animi ipsum. Illo et illo velit voluptate maxime tenetur. Velit quos delectus non quod placeat ad.', 89303, '1-820-658-4764', 'East Leonelburgh', 'Basic errand', 'entry', '2024-11-04 12:15:15', '2024-11-04 12:15:15', 4, NULL, 'in_progress'),
(72, 'Urban Planner', 'Non eligendi et quia dicta ratione illum repudiandae. Omnis esse rerum voluptas nesciunt optio amet. Cum nihil voluptatum laudantium quibusdam.', 31482, '701-776-0621', 'Clementinaland', 'Basic errand', 'senior', '2024-11-04 12:15:15', '2024-11-04 12:15:15', 9, NULL, 'in_progress'),
(73, 'Epidemiologist', 'Omnis aut eum impedit rerum. Fuga voluptate amet est voluptatum blanditiis dolorum minima. Adipisci aspernatur voluptate error ipsum molestiae numquam.', 18536, '938-561-7005', 'Jastberg', 'concierge services', 'senior', '2024-11-04 12:15:15', '2024-11-04 12:15:15', 11, NULL, 'in_progress'),
(74, 'Educational Psychologist', 'Possimus dolorum non nisi odio aspernatur aut. Architecto non tempora quis dignissimos. Fugit dolor doloremque architecto veritatis tempora tempora. Vel neque nihil voluptatem pariatur maiores ut.', 32571, '+1-606-227-4568', 'Brakuston', 'Basic errand', 'intermediate', '2024-11-04 12:15:15', '2024-11-04 12:15:15', 9, NULL, 'in_progress'),
(75, 'Bus Driver', 'Minima facere sit labore non sunt. Possimus id consequatur quod. Magni voluptatem et expedita enim voluptatem. Quod quod magni molestias id facilis asperiores itaque omnis. Non blanditiis ipsa sequi ipsum corrupti eius.', 63869, '+1-540-340-9100', 'North Chelsieshire', 'Basic errand', 'intermediate', '2024-11-04 12:15:15', '2024-11-04 12:15:15', 10, NULL, 'in_progress'),
(76, 'Industrial Machinery Mechanic', 'Sunt officia quia rerum. Ut fugit dolore itaque minima et quam voluptates cupiditate. Qui aspernatur voluptate aut maiores rerum.', 80378, '1-318-700-9658', 'North Judeton', 'concierge services', 'senior', '2024-11-04 12:15:15', '2024-11-04 12:15:15', 19, NULL, 'in_progress'),
(77, 'Radio and Television Announcer', 'Delectus dignissimos consequatur quo ut ipsa accusantium vel. Quasi qui occaecati labore maxime ut non ullam. Expedita animi reiciendis corporis expedita eos ratione id maiores.', 52899, '443-955-6780', 'East Marinachester', 'specialized errands', 'senior', '2024-11-04 12:15:15', '2024-11-04 12:15:15', 10, NULL, 'in_progress'),
(78, 'Nuclear Engineer', 'Nostrum autem voluptatem officia quaerat repudiandae qui. Mollitia libero reprehenderit ipsa minus explicabo. Vero nam sunt et tempora vitae veniam autem quam. Repudiandae consectetur asperiores numquam qui.', 35140, '(719) 526-9379', 'East Milesbury', 'specialized errands', 'senior', '2024-11-04 12:15:15', '2024-11-04 12:15:15', 15, NULL, 'in_progress'),
(79, 'Correctional Officer', 'Corrupti dicta fuga nam repellat quod. Aut blanditiis quisquam et at ut magnam. Delectus quod veniam nulla laudantium hic aut. Aut cum voluptatum ab. Non sit illum delectus corporis soluta.', 36505, '(802) 946-9347', 'South Colinfort', 'Basic errand', 'intermediate', '2024-11-04 12:15:15', '2024-11-04 12:15:15', 11, NULL, 'in_progress'),
(80, 'CSI', 'Est animi tenetur reprehenderit possimus quam quidem sed. Ut expedita expedita perspiciatis quia est aperiam. Eos voluptates dolor rerum cum sequi expedita ratione. Porro sunt quibusdam sed. Sapiente adipisci velit quam maxime eos.', 39082, '+1-585-474-1081', 'Port Nehatown', 'Basic errand', 'intermediate', '2024-11-04 12:15:15', '2024-11-04 12:15:15', 9, NULL, 'in_progress'),
(81, 'Security Guard', 'Et alias sequi occaecati rerum. Qui et cupiditate deserunt modi autem rerum velit nobis.', 46612, '+1-785-856-1320', 'North Gilbert', 'specialized errands', 'senior', '2024-11-04 12:15:15', '2024-11-04 12:15:15', 12, NULL, 'in_progress'),
(82, 'Valve Repairer OR Regulator Repairer', 'Et facilis aut vitae nihil amet culpa eligendi id. Et minus nemo voluptates. Eveniet ad mollitia sint.', 80504, '(479) 873-7364', 'East Neoma', 'Basic errand', 'senior', '2024-11-04 12:15:15', '2024-11-04 12:15:15', 17, NULL, 'in_progress'),
(83, 'Civil Drafter', 'Eum ut mollitia aut excepturi perspiciatis eveniet aspernatur. Quidem illo explicabo aut ab incidunt molestiae dolores. Optio adipisci exercitationem et omnis placeat.', 89698, '425.281.0312', 'Mariamtown', 'Basic errand', 'entry', '2024-11-04 12:15:15', '2024-11-04 12:15:15', 4, NULL, 'in_progress'),
(84, 'Prosthodontist', 'Recusandae nobis similique officia dolores. Natus dolores voluptate consequatur quo. Nam ut error fugiat quae molestiae.', 35365, '+1 (561) 435-2171', 'Port Rosalee', 'concierge services', 'senior', '2024-11-04 12:15:15', '2024-11-04 12:15:15', 18, NULL, 'in_progress'),
(85, 'Aircraft Rigging Assembler', 'Quis nesciunt natus commodi labore. Adipisci occaecati possimus aliquid ut sapiente in occaecati id. Sit et adipisci doloremque ipsa.', 68323, '908.334.3663', 'Zulaufburgh', 'concierge services', 'senior', '2024-11-04 12:15:15', '2024-11-04 12:15:15', 20, NULL, 'in_progress'),
(86, 'Nutritionist', 'Nemo ut modi quis qui non voluptas et. Aut alias est dolorem eum tempore et itaque.', 31740, '701-744-4887', 'Port Veronicachester', 'concierge services', 'senior', '2024-11-04 12:15:15', '2024-11-04 12:15:15', 19, NULL, 'in_progress'),
(87, 'Glass Cutting Machine Operator', 'Sunt sit provident deleniti. Non consequatur ut autem id eos dolore. Tenetur eos ea et praesentium error et.', 26852, '+1.808.543.6869', 'New Billieborough', 'specialized errands', 'intermediate', '2024-11-04 12:15:15', '2024-11-04 12:15:15', 21, NULL, 'in_progress'),
(88, 'Dot Etcher', 'Ducimus ipsum sint qui perferendis error quia sed. Voluptatem fugit voluptate temporibus et aut minima fugit.', 96187, '+1.215.297.5196', 'Aliyafurt', 'specialized errands', 'intermediate', '2024-11-04 12:15:15', '2024-11-04 12:15:15', 18, NULL, 'in_progress'),
(89, 'Gas Appliance Repairer', 'Delectus ex dignissimos voluptas. Explicabo dolores consequatur amet debitis ullam laborum. Voluptatem iure reprehenderit esse ducimus. Sit temporibus quo architecto itaque dolorum odit qui nam.', 86340, '351-507-9246', 'North Eden', 'specialized errands', 'entry', '2024-11-04 12:15:15', '2024-11-04 12:15:15', 20, NULL, 'in_progress'),
(90, 'Architectural Drafter', 'Voluptas accusamus consequatur qui et commodi molestiae odio rerum. Sed laboriosam quod non repudiandae sed repudiandae.', 58673, '678-897-8363', 'Mertzmouth', 'specialized errands', 'intermediate', '2024-11-04 12:15:15', '2024-11-04 12:15:15', 19, NULL, 'in_progress'),
(91, 'Engineering Teacher', 'Tempora est ut at debitis ratione est. Tenetur molestiae voluptatem unde. Quia sit est placeat est accusamus.', 91430, '1-949-915-1811', 'North Julian', 'Basic errand', 'intermediate', '2024-11-04 12:15:15', '2024-11-04 12:15:15', 6, NULL, 'in_progress'),
(92, 'Distribution Manager', 'Consequatur necessitatibus eligendi ipsum consequatur cumque cumque qui. Perspiciatis et voluptas ut beatae similique. Sed dolorum laborum occaecati iure.', 33723, '+1.585.855.0976', 'Port Aubree', 'concierge services', 'senior', '2024-11-04 12:15:15', '2024-11-04 12:15:15', 6, NULL, 'in_progress'),
(93, 'Podiatrist', 'Iusto explicabo commodi eos necessitatibus ad dolorum voluptatem. Error aliquid adipisci at est et quis. Ut neque corrupti quis debitis molestiae labore illum. Omnis sapiente similique nulla consequatur aliquid.', 11117, '+1 (629) 664-9494', 'New Earnestine', 'Basic errand', 'intermediate', '2024-11-04 12:15:15', '2024-11-04 12:15:15', 3, NULL, 'in_progress'),
(94, 'Aircraft Mechanics OR Aircraft Service Technician', 'Consequatur atque quo cumque aperiam et. Quisquam voluptatem odit et dolorem sequi mollitia qui. Omnis distinctio cum et harum assumenda hic.', 20202, '1-843-468-1083', 'Ernsertown', 'specialized errands', 'intermediate', '2024-11-04 12:15:15', '2024-11-04 12:15:15', 16, NULL, 'in_progress'),
(95, 'Desktop Publisher', 'Et amet hic aliquam id et qui. Aut ea magnam velit quia earum excepturi. Et dolorum eaque aut aut dolorum.', 48987, '651.289.6172', 'North Vitoborough', 'concierge services', 'senior', '2024-11-04 12:15:15', '2024-11-04 12:15:15', 17, NULL, 'in_progress'),
(96, 'Movers', 'Quibusdam illo eos deserunt dolores rem. Rerum qui ex accusantium et accusantium repudiandae. Ex rerum qui doloremque temporibus cumque nobis tenetur.', 55609, '+18037524625', 'Koeppmouth', 'concierge services', 'intermediate', '2024-11-04 12:15:15', '2024-11-04 12:15:15', 13, NULL, 'in_progress'),
(97, 'Psychiatric Technician', 'Ut esse et magnam. Omnis et omnis id ut. Doloremque autem dicta et doloribus harum nam.', 48668, '(618) 571-5854', 'West Howard', 'specialized errands', 'senior', '2024-11-04 12:15:15', '2024-11-04 12:15:15', 6, NULL, 'in_progress'),
(98, 'Logging Equipment Operator', 'Repudiandae est assumenda saepe asperiores iste qui itaque. Maxime est est vero voluptatem voluptas eveniet eos sit.', 68584, '+1.281.838.4370', 'Schillermouth', 'concierge services', 'intermediate', '2024-11-04 12:15:15', '2024-11-04 12:15:15', 17, NULL, 'in_progress'),
(99, 'Numerical Control Machine Tool Operator', 'Dignissimos qui ut voluptatem quia aperiam non. Omnis assumenda accusamus libero eos facilis sit et.', 45997, '1-559-845-4753', 'South Macy', 'specialized errands', 'senior', '2024-11-04 12:15:15', '2024-11-04 12:15:15', 3, NULL, 'in_progress'),
(100, 'Life Science Technician', 'Nemo omnis ut excepturi et qui dolor. Facere aut adipisci atque illo. Repudiandae ut occaecati impedit qui quia fuga id.', 37112, '601.546.4340', 'Lake Mariannastad', 'concierge services', 'entry', '2024-11-04 12:15:15', '2024-11-04 12:15:15', 1, NULL, 'in_progress'),
(101, 'Judge', 'Deleniti consectetur quis libero possimus. Deleniti exercitationem qui ullam nemo similique. Asperiores dolor totam architecto atque aut labore. Et culpa vel omnis sit ut ullam corporis.', 31212, '+18047191314', 'Vonfort', 'Basic errand', 'senior', '2024-11-04 12:15:15', '2024-11-04 12:15:15', 8, NULL, 'in_progress');

-- --------------------------------------------------------

--
-- Table structure for table `errand_applications`
--

DROP TABLE IF EXISTS `errand_applications`;
CREATE TABLE IF NOT EXISTS `errand_applications` (
  `id` bigint UNSIGNED NOT NULL AUTO_INCREMENT,
  `user_id` bigint UNSIGNED NOT NULL,
  `errand_id` bigint UNSIGNED NOT NULL,
  `expected_salary` int UNSIGNED NOT NULL,
  `created_at` timestamp NULL DEFAULT NULL,
  `updated_at` timestamp NULL DEFAULT NULL,
  `cv_path` varchar(255) COLLATE utf8mb4_unicode_ci DEFAULT NULL,
  `status` varchar(255) COLLATE utf8mb4_unicode_ci NOT NULL DEFAULT 'pending',
  `customer_id` bigint UNSIGNED DEFAULT NULL,
  PRIMARY KEY (`id`),
  KEY `errand_applications_user_id_foreign` (`user_id`),
  KEY `errand_applications_errand_id_foreign` (`errand_id`),
  KEY `errand_applications_customer_id_foreign` (`customer_id`)
) ENGINE=MyISAM AUTO_INCREMENT=615 DEFAULT CHARSET=utf8mb4 COLLATE=utf8mb4_unicode_ci;

--
-- Dumping data for table `errand_applications`
--

INSERT INTO `errand_applications` (`id`, `user_id`, `errand_id`, `expected_salary`, `created_at`, `updated_at`, `cv_path`, `status`, `customer_id`) VALUES
(1, 1, 1, 5000, '2024-11-02 16:46:08', '2024-11-02 17:03:51', 'cvs/To2lJHudnSLK91pjOLOvBIOpZhyiekQ5k24SdprS.pdf', 'pending', NULL),
(2, 230, 69, 7021, '2024-11-04 12:15:15', '2024-11-04 12:15:15', NULL, 'pending', NULL),
(3, 230, 59, 8676, '2024-11-04 12:15:15', '2024-11-04 12:15:15', NULL, 'pending', NULL),
(4, 230, 86, 8535, '2024-11-04 12:15:15', '2024-11-04 12:15:15', NULL, 'pending', NULL),
(5, 248, 85, 4610, '2024-11-04 12:15:15', '2024-11-04 12:15:15', NULL, 'pending', NULL),
(6, 248, 43, 9361, '2024-11-04 12:15:15', '2024-11-04 12:15:15', NULL, 'pending', NULL),
(7, 248, 38, 7782, '2024-11-04 12:15:15', '2024-11-04 12:15:15', NULL, 'pending', NULL),
(8, 97, 30, 6827, '2024-11-04 12:15:15', '2024-11-04 12:15:15', NULL, 'pending', NULL),
(9, 97, 64, 6246, '2024-11-04 12:15:15', '2024-11-04 12:15:15', NULL, 'pending', NULL),
(10, 97, 8, 5920, '2024-11-04 12:15:15', '2024-11-04 12:15:15', NULL, 'pending', NULL),
(11, 97, 100, 7027, '2024-11-04 12:15:15', '2024-11-04 12:15:15', NULL, 'pending', NULL),
(12, 201, 7, 9583, '2024-11-04 12:15:15', '2024-11-04 12:15:15', NULL, 'pending', NULL),
(13, 189, 13, 9607, '2024-11-04 12:15:15', '2024-11-04 12:15:15', NULL, 'pending', NULL),
(14, 189, 85, 8491, '2024-11-04 12:15:15', '2024-11-04 12:15:15', NULL, 'pending', NULL),
(15, 189, 30, 8524, '2024-11-04 12:15:15', '2024-11-04 12:15:15', NULL, 'pending', NULL),
(16, 7, 68, 4927, '2024-11-04 12:15:15', '2024-11-04 12:15:15', NULL, 'pending', NULL),
(17, 7, 71, 9068, '2024-11-04 12:15:15', '2024-11-04 12:15:15', NULL, 'pending', NULL),
(18, 7, 22, 4489, '2024-11-04 12:15:15', '2024-11-04 12:15:15', NULL, 'pending', NULL),
(19, 7, 64, 7573, '2024-11-04 12:15:15', '2024-11-04 12:15:15', NULL, 'pending', NULL),
(20, 110, 60, 7996, '2024-11-04 12:15:15', '2024-11-04 12:15:15', NULL, 'pending', NULL),
(21, 110, 65, 6056, '2024-11-04 12:15:15', '2024-11-04 12:15:15', NULL, 'pending', NULL),
(22, 110, 76, 7907, '2024-11-04 12:15:15', '2024-11-04 12:15:15', NULL, 'pending', NULL),
(23, 110, 49, 7541, '2024-11-04 12:15:15', '2024-11-04 12:15:15', NULL, 'pending', NULL),
(24, 82, 19, 6542, '2024-11-04 12:15:15', '2024-11-04 12:15:15', NULL, 'pending', NULL),
(25, 82, 2, 9091, '2024-11-04 12:15:15', '2024-11-04 12:15:15', NULL, 'pending', NULL),
(26, 82, 75, 4347, '2024-11-04 12:15:15', '2024-11-04 12:15:15', NULL, 'pending', NULL),
(27, 287, 31, 6691, '2024-11-04 12:15:15', '2024-11-04 12:15:15', NULL, 'pending', NULL),
(28, 287, 55, 5745, '2024-11-04 12:15:15', '2024-11-04 12:15:15', NULL, 'pending', NULL),
(29, 300, 39, 8594, '2024-11-04 12:15:15', '2024-11-04 12:15:15', NULL, 'pending', NULL),
(30, 50, 40, 8437, '2024-11-04 12:15:15', '2024-11-04 12:15:15', NULL, 'pending', NULL),
(31, 50, 48, 5627, '2024-11-04 12:15:15', '2024-11-04 12:15:15', NULL, 'pending', NULL),
(32, 50, 80, 4282, '2024-11-04 12:15:15', '2024-11-04 12:15:15', NULL, 'pending', NULL),
(33, 50, 50, 9433, '2024-11-04 12:15:15', '2024-11-04 12:15:15', NULL, 'pending', NULL),
(34, 40, 7, 5004, '2024-11-04 12:15:15', '2024-11-04 12:15:15', NULL, 'pending', NULL),
(35, 40, 44, 7305, '2024-11-04 12:15:15', '2024-11-04 12:15:15', NULL, 'pending', NULL),
(36, 40, 73, 8128, '2024-11-04 12:15:15', '2024-11-04 12:15:15', NULL, 'pending', NULL),
(37, 100, 66, 7542, '2024-11-04 12:15:15', '2024-11-04 12:15:15', NULL, 'pending', NULL),
(38, 100, 16, 9622, '2024-11-04 12:15:15', '2024-11-04 12:15:15', NULL, 'pending', NULL),
(39, 100, 42, 8053, '2024-11-04 12:15:15', '2024-11-04 12:15:15', NULL, 'pending', NULL),
(40, 100, 94, 4143, '2024-11-04 12:15:15', '2024-11-04 12:15:15', NULL, 'pending', NULL),
(41, 37, 82, 4652, '2024-11-04 12:15:15', '2024-11-04 12:15:15', NULL, 'pending', NULL),
(42, 37, 68, 6211, '2024-11-04 12:15:15', '2024-11-04 12:15:15', NULL, 'pending', NULL),
(43, 37, 60, 4528, '2024-11-04 12:15:15', '2024-11-04 12:15:15', NULL, 'pending', NULL),
(44, 37, 14, 5615, '2024-11-04 12:15:15', '2024-11-04 12:15:15', NULL, 'pending', NULL),
(45, 38, 56, 7276, '2024-11-04 12:15:15', '2024-11-04 12:15:15', NULL, 'pending', NULL),
(46, 38, 23, 4936, '2024-11-04 12:15:15', '2024-11-04 12:15:15', NULL, 'pending', NULL),
(47, 38, 93, 7005, '2024-11-04 12:15:15', '2024-11-04 12:15:15', NULL, 'pending', NULL),
(48, 38, 82, 9788, '2024-11-04 12:15:15', '2024-11-04 12:15:15', NULL, 'pending', NULL),
(49, 128, 22, 5383, '2024-11-04 12:15:15', '2024-11-04 12:15:15', NULL, 'pending', NULL),
(50, 128, 100, 9977, '2024-11-04 12:15:15', '2024-11-04 12:15:15', NULL, 'pending', NULL),
(51, 128, 44, 9090, '2024-11-04 12:15:15', '2024-11-04 12:15:15', NULL, 'pending', NULL),
(52, 217, 62, 4085, '2024-11-04 12:15:15', '2024-11-04 12:15:15', NULL, 'pending', NULL),
(53, 176, 88, 6425, '2024-11-04 12:15:15', '2024-11-04 12:15:15', NULL, 'pending', NULL),
(54, 176, 74, 8093, '2024-11-04 12:15:15', '2024-11-04 12:15:15', NULL, 'pending', NULL),
(55, 238, 53, 8467, '2024-11-04 12:15:15', '2024-11-04 12:15:15', NULL, 'pending', NULL),
(56, 238, 83, 5115, '2024-11-04 12:15:15', '2024-11-04 12:15:15', NULL, 'pending', NULL),
(57, 238, 54, 9720, '2024-11-04 12:15:15', '2024-11-04 12:15:15', NULL, 'pending', NULL),
(58, 238, 66, 5332, '2024-11-04 12:15:15', '2024-11-04 12:15:15', NULL, 'pending', NULL),
(59, 129, 36, 5861, '2024-11-04 12:15:15', '2024-11-04 12:15:15', NULL, 'pending', NULL),
(60, 129, 67, 6892, '2024-11-04 12:15:15', '2024-11-04 12:15:15', NULL, 'pending', NULL),
(61, 258, 17, 6160, '2024-11-04 12:15:15', '2024-11-04 12:15:15', NULL, 'pending', NULL),
(62, 258, 63, 7382, '2024-11-04 12:15:15', '2024-11-04 12:15:15', NULL, 'pending', NULL),
(63, 258, 21, 6759, '2024-11-04 12:15:15', '2024-11-04 12:15:15', NULL, 'pending', NULL),
(64, 258, 27, 7391, '2024-11-04 12:15:15', '2024-11-04 12:15:15', NULL, 'pending', NULL),
(65, 165, 77, 7043, '2024-11-04 12:15:15', '2024-11-04 12:15:15', NULL, 'pending', NULL),
(66, 165, 19, 5040, '2024-11-04 12:15:15', '2024-11-04 12:15:15', NULL, 'pending', NULL),
(67, 66, 7, 4213, '2024-11-04 12:15:15', '2024-11-04 12:15:15', NULL, 'pending', NULL),
(68, 66, 37, 7838, '2024-11-04 12:15:15', '2024-11-04 12:15:15', NULL, 'pending', NULL),
(69, 66, 25, 8518, '2024-11-04 12:15:15', '2024-11-04 12:15:15', NULL, 'pending', NULL),
(70, 54, 67, 4977, '2024-11-04 12:15:15', '2024-11-04 12:15:15', NULL, 'pending', NULL),
(71, 107, 100, 5441, '2024-11-04 12:15:15', '2024-11-04 12:15:15', NULL, 'pending', NULL),
(72, 107, 10, 6547, '2024-11-04 12:15:15', '2024-11-04 12:15:15', NULL, 'pending', NULL),
(73, 107, 40, 4688, '2024-11-04 12:15:15', '2024-11-04 12:15:15', NULL, 'pending', NULL),
(74, 105, 61, 7810, '2024-11-04 12:15:15', '2024-11-04 12:15:15', NULL, 'pending', NULL),
(75, 105, 43, 5593, '2024-11-04 12:15:15', '2024-11-04 12:15:15', NULL, 'pending', NULL),
(76, 46, 42, 9718, '2024-11-04 12:15:15', '2024-11-04 12:15:15', NULL, 'pending', NULL),
(77, 46, 73, 6962, '2024-11-04 12:15:15', '2024-11-04 12:15:15', NULL, 'pending', NULL),
(78, 164, 63, 4408, '2024-11-04 12:15:15', '2024-11-04 12:15:15', NULL, 'pending', NULL),
(79, 70, 63, 4968, '2024-11-04 12:15:15', '2024-11-04 12:15:15', NULL, 'pending', NULL),
(80, 70, 74, 7120, '2024-11-04 12:15:15', '2024-11-04 12:15:15', NULL, 'pending', NULL),
(81, 70, 96, 7600, '2024-11-04 12:15:15', '2024-11-04 12:15:15', NULL, 'pending', NULL),
(82, 70, 58, 6312, '2024-11-04 12:15:15', '2024-11-04 12:15:15', NULL, 'pending', NULL),
(83, 72, 29, 7205, '2024-11-04 12:15:15', '2024-11-04 12:15:15', NULL, 'pending', NULL),
(84, 72, 49, 4878, '2024-11-04 12:15:15', '2024-11-04 12:15:15', NULL, 'pending', NULL),
(85, 249, 99, 7958, '2024-11-04 12:15:15', '2024-11-04 12:15:15', NULL, 'pending', NULL),
(86, 31, 97, 5220, '2024-11-04 12:15:15', '2024-11-04 12:15:15', NULL, 'pending', NULL),
(87, 31, 87, 6185, '2024-11-04 12:15:15', '2024-11-04 12:15:15', NULL, 'pending', NULL),
(88, 31, 32, 5097, '2024-11-04 12:15:15', '2024-11-04 12:15:15', NULL, 'pending', NULL),
(89, 31, 45, 4282, '2024-11-04 12:15:15', '2024-11-04 12:15:15', NULL, 'pending', NULL),
(90, 24, 81, 4775, '2024-11-04 12:15:15', '2024-11-04 12:15:15', NULL, 'pending', NULL),
(91, 24, 14, 9929, '2024-11-04 12:15:15', '2024-11-04 12:15:15', NULL, 'pending', NULL),
(92, 24, 68, 6595, '2024-11-04 12:15:15', '2024-11-04 12:15:15', NULL, 'pending', NULL),
(93, 24, 83, 6806, '2024-11-04 12:15:15', '2024-11-04 12:15:15', NULL, 'pending', NULL),
(94, 240, 73, 9017, '2024-11-04 12:15:15', '2024-11-04 12:15:15', NULL, 'pending', NULL),
(95, 240, 74, 9264, '2024-11-04 12:15:15', '2024-11-04 12:15:15', NULL, 'pending', NULL),
(96, 240, 38, 4826, '2024-11-04 12:15:15', '2024-11-04 12:15:15', NULL, 'pending', NULL),
(97, 240, 5, 6209, '2024-11-04 12:15:15', '2024-11-04 12:15:15', NULL, 'pending', NULL),
(98, 207, 79, 4016, '2024-11-04 12:15:15', '2024-11-04 12:15:15', NULL, 'pending', NULL),
(99, 266, 35, 7328, '2024-11-04 12:15:15', '2024-11-04 12:15:15', NULL, 'pending', NULL),
(100, 166, 16, 4040, '2024-11-04 12:15:15', '2024-11-04 12:15:15', NULL, 'pending', NULL),
(101, 166, 42, 5592, '2024-11-04 12:15:15', '2024-11-04 12:15:15', NULL, 'pending', NULL),
(102, 166, 81, 4268, '2024-11-04 12:15:15', '2024-11-04 12:15:15', NULL, 'pending', NULL),
(103, 166, 88, 6619, '2024-11-04 12:15:15', '2024-11-04 12:15:15', NULL, 'pending', NULL),
(104, 302, 60, 7823, '2024-11-04 12:15:15', '2024-11-04 12:15:15', NULL, 'pending', NULL),
(105, 302, 94, 9702, '2024-11-04 12:15:15', '2024-11-04 12:15:15', NULL, 'pending', NULL),
(106, 302, 57, 6890, '2024-11-04 12:15:15', '2024-11-04 12:15:15', NULL, 'pending', NULL),
(107, 245, 68, 8982, '2024-11-04 12:15:15', '2024-11-04 12:15:15', NULL, 'pending', NULL),
(108, 170, 16, 9844, '2024-11-04 12:15:15', '2024-11-04 12:15:15', NULL, 'pending', NULL),
(109, 170, 85, 6906, '2024-11-04 12:15:15', '2024-11-04 12:15:15', NULL, 'pending', NULL),
(110, 278, 33, 8153, '2024-11-04 12:15:15', '2024-11-04 12:15:15', NULL, 'pending', NULL),
(111, 203, 69, 5438, '2024-11-04 12:15:15', '2024-11-04 12:15:15', NULL, 'pending', NULL),
(112, 203, 49, 6806, '2024-11-04 12:15:15', '2024-11-04 12:15:15', NULL, 'pending', NULL),
(113, 99, 50, 5889, '2024-11-04 12:15:15', '2024-11-04 12:15:15', NULL, 'pending', NULL),
(114, 99, 29, 6694, '2024-11-04 12:15:15', '2024-11-04 12:15:15', NULL, 'pending', NULL),
(115, 99, 72, 6366, '2024-11-04 12:15:15', '2024-11-04 12:15:15', NULL, 'pending', NULL),
(116, 99, 90, 7050, '2024-11-04 12:15:15', '2024-11-04 12:15:15', NULL, 'pending', NULL),
(117, 206, 68, 9758, '2024-11-04 12:15:15', '2024-11-04 12:15:15', NULL, 'pending', NULL),
(118, 223, 7, 8553, '2024-11-04 12:15:15', '2024-11-04 12:15:15', NULL, 'pending', NULL),
(119, 223, 86, 9042, '2024-11-04 12:15:15', '2024-11-04 12:15:15', NULL, 'pending', NULL),
(120, 223, 26, 4802, '2024-11-04 12:15:15', '2024-11-04 12:15:15', NULL, 'pending', NULL),
(121, 223, 58, 6720, '2024-11-04 12:15:15', '2024-11-04 12:15:15', NULL, 'pending', NULL),
(122, 91, 18, 8111, '2024-11-04 12:15:15', '2024-11-04 12:15:15', NULL, 'pending', NULL),
(123, 91, 17, 6363, '2024-11-04 12:15:15', '2024-11-04 12:15:15', NULL, 'pending', NULL),
(124, 91, 49, 7398, '2024-11-04 12:15:15', '2024-11-04 12:15:15', NULL, 'pending', NULL),
(125, 89, 33, 6573, '2024-11-04 12:15:15', '2024-11-04 12:15:15', NULL, 'pending', NULL),
(126, 219, 53, 7310, '2024-11-04 12:15:15', '2024-11-04 12:15:15', NULL, 'pending', NULL),
(127, 133, 6, 8787, '2024-11-04 12:15:15', '2024-11-04 12:15:15', NULL, 'pending', NULL),
(128, 133, 73, 8382, '2024-11-04 12:15:15', '2024-11-04 12:15:15', NULL, 'pending', NULL),
(129, 133, 4, 5022, '2024-11-04 12:15:15', '2024-11-04 12:15:15', NULL, 'pending', NULL),
(130, 133, 82, 8544, '2024-11-04 12:15:15', '2024-11-04 12:15:15', NULL, 'pending', NULL),
(131, 23, 56, 9858, '2024-11-04 12:15:15', '2024-11-04 12:15:15', NULL, 'pending', NULL),
(132, 12, 35, 9688, '2024-11-04 12:15:15', '2024-11-04 12:15:15', NULL, 'pending', NULL),
(133, 12, 13, 8271, '2024-11-04 12:15:15', '2024-11-04 12:15:15', NULL, 'pending', NULL),
(134, 12, 64, 7194, '2024-11-04 12:15:15', '2024-11-04 12:15:15', NULL, 'pending', NULL),
(135, 156, 55, 4594, '2024-11-04 12:15:15', '2024-11-04 12:15:15', NULL, 'pending', NULL),
(136, 156, 73, 5669, '2024-11-04 12:15:15', '2024-11-04 12:15:15', NULL, 'pending', NULL),
(137, 123, 99, 9094, '2024-11-04 12:15:15', '2024-11-04 12:15:15', NULL, 'pending', NULL),
(138, 270, 17, 5266, '2024-11-04 12:15:15', '2024-11-04 12:15:15', NULL, 'pending', NULL),
(139, 270, 11, 4525, '2024-11-04 12:15:15', '2024-11-04 12:15:15', NULL, 'pending', NULL),
(140, 270, 101, 4564, '2024-11-04 12:15:15', '2024-11-04 12:15:15', NULL, 'pending', NULL),
(141, 289, 42, 8432, '2024-11-04 12:15:15', '2024-11-04 12:15:15', NULL, 'pending', NULL),
(142, 289, 58, 7826, '2024-11-04 12:15:15', '2024-11-04 12:15:15', NULL, 'pending', NULL),
(143, 289, 19, 6360, '2024-11-04 12:15:15', '2024-11-04 12:15:15', NULL, 'pending', NULL),
(144, 289, 52, 7150, '2024-11-04 12:15:15', '2024-11-04 12:15:15', NULL, 'pending', NULL),
(145, 235, 23, 5202, '2024-11-04 12:15:15', '2024-11-04 12:15:15', NULL, 'pending', NULL),
(146, 93, 79, 4944, '2024-11-04 12:15:15', '2024-11-04 12:15:15', NULL, 'pending', NULL),
(147, 93, 78, 9426, '2024-11-04 12:15:15', '2024-11-04 12:15:15', NULL, 'pending', NULL),
(148, 226, 10, 8408, '2024-11-04 12:15:15', '2024-11-04 12:15:15', NULL, 'pending', NULL),
(149, 226, 18, 9299, '2024-11-04 12:15:15', '2024-11-04 12:15:15', NULL, 'pending', NULL),
(150, 226, 99, 7039, '2024-11-04 12:15:15', '2024-11-04 12:15:15', NULL, 'pending', NULL),
(151, 214, 13, 7513, '2024-11-04 12:15:15', '2024-11-04 12:15:15', NULL, 'pending', NULL),
(152, 214, 16, 5446, '2024-11-04 12:15:15', '2024-11-04 12:15:15', NULL, 'pending', NULL),
(153, 214, 86, 7324, '2024-11-04 12:15:15', '2024-11-04 12:15:15', NULL, 'pending', NULL),
(154, 1, 91, 6636, '2024-11-04 12:15:15', '2024-11-04 12:15:15', NULL, 'pending', NULL),
(155, 1, 18, 4469, '2024-11-04 12:15:15', '2024-11-04 12:15:15', NULL, 'pending', NULL),
(156, 1, 28, 4994, '2024-11-04 12:15:15', '2024-11-04 12:15:15', NULL, 'pending', NULL),
(157, 1, 35, 4511, '2024-11-04 12:15:15', '2024-11-04 12:15:15', NULL, 'pending', NULL),
(158, 218, 93, 6117, '2024-11-04 12:15:15', '2024-11-04 12:15:15', NULL, 'pending', NULL),
(159, 218, 6, 9805, '2024-11-04 12:15:15', '2024-11-04 12:15:15', NULL, 'pending', NULL),
(160, 218, 92, 7253, '2024-11-04 12:15:15', '2024-11-04 12:15:15', NULL, 'pending', NULL),
(161, 218, 27, 7347, '2024-11-04 12:15:15', '2024-11-04 12:15:15', NULL, 'pending', NULL),
(162, 63, 49, 5838, '2024-11-04 12:15:15', '2024-11-04 12:15:15', NULL, 'pending', NULL),
(163, 67, 28, 4685, '2024-11-04 12:15:15', '2024-11-04 12:15:15', NULL, 'pending', NULL),
(164, 67, 79, 9670, '2024-11-04 12:15:15', '2024-11-04 12:15:15', NULL, 'pending', NULL),
(165, 152, 75, 8116, '2024-11-04 12:15:15', '2024-11-04 12:15:15', NULL, 'pending', NULL),
(166, 152, 57, 4533, '2024-11-04 12:15:15', '2024-11-04 12:15:15', NULL, 'pending', NULL),
(167, 152, 98, 9676, '2024-11-04 12:15:15', '2024-11-04 12:15:15', NULL, 'pending', NULL),
(168, 117, 69, 6217, '2024-11-04 12:15:15', '2024-11-04 12:15:15', NULL, 'pending', NULL),
(169, 117, 92, 9025, '2024-11-04 12:15:15', '2024-11-04 12:15:15', NULL, 'pending', NULL),
(170, 45, 61, 9681, '2024-11-04 12:15:15', '2024-11-04 12:15:15', NULL, 'pending', NULL),
(171, 45, 18, 5533, '2024-11-04 12:15:15', '2024-11-04 12:15:15', NULL, 'pending', NULL),
(172, 45, 21, 7773, '2024-11-04 12:15:15', '2024-11-04 12:15:15', NULL, 'pending', NULL),
(173, 103, 96, 5122, '2024-11-04 12:15:15', '2024-11-04 12:15:15', NULL, 'pending', NULL),
(174, 103, 26, 9513, '2024-11-04 12:15:15', '2024-11-04 12:15:15', NULL, 'pending', NULL),
(175, 103, 84, 5799, '2024-11-04 12:15:15', '2024-11-04 12:15:15', NULL, 'pending', NULL),
(176, 103, 35, 7565, '2024-11-04 12:15:15', '2024-11-04 12:15:15', NULL, 'pending', NULL),
(177, 28, 17, 5578, '2024-11-04 12:15:15', '2024-11-04 12:15:15', NULL, 'pending', NULL),
(178, 28, 35, 4436, '2024-11-04 12:15:15', '2024-11-04 12:15:15', NULL, 'pending', NULL),
(179, 124, 101, 8695, '2024-11-04 12:15:15', '2024-11-04 12:15:15', NULL, 'pending', NULL),
(180, 209, 59, 5511, '2024-11-04 12:15:15', '2024-11-04 12:15:15', NULL, 'pending', NULL),
(181, 209, 9, 9864, '2024-11-04 12:15:15', '2024-11-04 12:15:15', NULL, 'pending', NULL),
(182, 158, 3, 9870, '2024-11-04 12:15:15', '2024-11-04 12:15:15', NULL, 'pending', NULL),
(183, 148, 28, 5072, '2024-11-04 12:15:15', '2024-11-04 12:15:15', NULL, 'pending', NULL),
(184, 148, 18, 5090, '2024-11-04 12:15:15', '2024-11-04 12:15:15', NULL, 'pending', NULL),
(185, 148, 29, 7932, '2024-11-04 12:15:15', '2024-11-04 12:15:15', NULL, 'pending', NULL),
(186, 148, 73, 9788, '2024-11-04 12:15:15', '2024-11-04 12:15:15', NULL, 'pending', NULL),
(187, 254, 74, 4863, '2024-11-04 12:15:15', '2024-11-04 12:15:15', NULL, 'pending', NULL),
(188, 254, 26, 6918, '2024-11-04 12:15:15', '2024-11-04 12:15:15', NULL, 'pending', NULL),
(189, 254, 65, 8169, '2024-11-04 12:15:15', '2024-11-04 12:15:15', NULL, 'pending', NULL),
(190, 101, 18, 9699, '2024-11-04 12:15:15', '2024-11-04 12:15:15', NULL, 'pending', NULL),
(191, 101, 79, 6051, '2024-11-04 12:15:15', '2024-11-04 12:15:15', NULL, 'pending', NULL),
(192, 101, 67, 8769, '2024-11-04 12:15:15', '2024-11-04 12:15:15', NULL, 'pending', NULL),
(193, 141, 70, 4060, '2024-11-04 12:15:15', '2024-11-04 12:15:15', NULL, 'pending', NULL),
(194, 141, 38, 7081, '2024-11-04 12:15:15', '2024-11-04 12:15:15', NULL, 'pending', NULL),
(195, 141, 22, 7655, '2024-11-04 12:15:16', '2024-11-04 12:15:16', NULL, 'pending', NULL),
(196, 81, 54, 9432, '2024-11-04 12:15:16', '2024-11-04 12:15:16', NULL, 'pending', NULL),
(197, 15, 67, 6354, '2024-11-04 12:15:16', '2024-11-04 12:15:16', NULL, 'pending', NULL),
(198, 15, 9, 6950, '2024-11-04 12:15:16', '2024-11-04 12:15:16', NULL, 'pending', NULL),
(199, 199, 41, 4984, '2024-11-04 12:15:16', '2024-11-04 12:15:16', NULL, 'pending', NULL),
(200, 199, 48, 4305, '2024-11-04 12:15:16', '2024-11-04 12:15:16', NULL, 'pending', NULL),
(201, 5, 70, 6752, '2024-11-04 12:15:16', '2024-11-04 12:15:16', NULL, 'pending', NULL),
(202, 298, 44, 7711, '2024-11-04 12:15:16', '2024-11-04 12:15:16', NULL, 'pending', NULL),
(203, 298, 83, 9957, '2024-11-04 12:15:16', '2024-11-04 12:15:16', NULL, 'pending', NULL),
(204, 44, 65, 6309, '2024-11-04 12:15:16', '2024-11-04 12:15:16', NULL, 'pending', NULL),
(205, 44, 72, 9952, '2024-11-04 12:15:16', '2024-11-04 12:15:16', NULL, 'pending', NULL),
(206, 44, 90, 5956, '2024-11-04 12:15:16', '2024-11-04 12:15:16', NULL, 'pending', NULL),
(207, 44, 34, 9484, '2024-11-04 12:15:16', '2024-11-04 12:15:16', NULL, 'pending', NULL),
(208, 239, 38, 9819, '2024-11-04 12:15:16', '2024-11-04 12:15:16', NULL, 'pending', NULL),
(209, 239, 90, 8356, '2024-11-04 12:15:16', '2024-11-04 12:15:16', NULL, 'pending', NULL),
(210, 239, 71, 5480, '2024-11-04 12:15:16', '2024-11-04 12:15:16', NULL, 'pending', NULL),
(211, 239, 79, 4081, '2024-11-04 12:15:16', '2024-11-04 12:15:16', NULL, 'pending', NULL),
(212, 212, 53, 5288, '2024-11-04 12:15:16', '2024-11-04 12:15:16', NULL, 'pending', NULL),
(213, 212, 10, 9039, '2024-11-04 12:15:16', '2024-11-04 12:15:16', NULL, 'pending', NULL),
(214, 191, 65, 6294, '2024-11-04 12:15:16', '2024-11-04 12:15:16', NULL, 'pending', NULL),
(215, 255, 21, 4494, '2024-11-04 12:15:16', '2024-11-04 12:15:16', NULL, 'pending', NULL),
(216, 32, 67, 6926, '2024-11-04 12:15:16', '2024-11-04 12:15:16', NULL, 'pending', NULL),
(217, 32, 45, 9078, '2024-11-04 12:15:16', '2024-11-04 12:15:16', NULL, 'pending', NULL),
(218, 163, 35, 7435, '2024-11-04 12:15:16', '2024-11-04 12:15:16', NULL, 'pending', NULL),
(219, 200, 32, 6556, '2024-11-04 12:15:16', '2024-11-04 12:15:16', NULL, 'pending', NULL),
(220, 200, 80, 6044, '2024-11-04 12:15:16', '2024-11-04 12:15:16', NULL, 'pending', NULL),
(221, 200, 48, 7199, '2024-11-04 12:15:16', '2024-11-04 12:15:16', NULL, 'pending', NULL),
(222, 175, 86, 4253, '2024-11-04 12:15:16', '2024-11-04 12:15:16', NULL, 'pending', NULL),
(223, 175, 93, 7809, '2024-11-04 12:15:16', '2024-11-04 12:15:16', NULL, 'pending', NULL),
(224, 175, 100, 9860, '2024-11-04 12:15:16', '2024-11-04 12:15:16', NULL, 'pending', NULL),
(225, 14, 13, 7490, '2024-11-04 12:15:16', '2024-11-04 12:15:16', NULL, 'pending', NULL),
(226, 14, 20, 8814, '2024-11-04 12:15:16', '2024-11-04 12:15:16', NULL, 'pending', NULL),
(227, 14, 28, 5421, '2024-11-04 12:15:16', '2024-11-04 12:15:16', NULL, 'pending', NULL),
(228, 14, 31, 5085, '2024-11-04 12:15:16', '2024-11-04 12:15:16', NULL, 'pending', NULL),
(229, 179, 77, 4633, '2024-11-04 12:15:16', '2024-11-04 12:15:16', NULL, 'pending', NULL),
(230, 179, 64, 5881, '2024-11-04 12:15:16', '2024-11-04 12:15:16', NULL, 'pending', NULL),
(231, 179, 50, 7519, '2024-11-04 12:15:16', '2024-11-04 12:15:16', NULL, 'pending', NULL),
(232, 42, 61, 5579, '2024-11-04 12:15:16', '2024-11-04 12:15:16', NULL, 'pending', NULL),
(233, 42, 20, 6604, '2024-11-04 12:15:16', '2024-11-04 12:15:16', NULL, 'pending', NULL),
(234, 88, 73, 8857, '2024-11-04 12:15:16', '2024-11-04 12:15:16', NULL, 'pending', NULL),
(235, 88, 28, 9053, '2024-11-04 12:15:16', '2024-11-04 12:15:16', NULL, 'pending', NULL),
(236, 88, 86, 5172, '2024-11-04 12:15:16', '2024-11-04 12:15:16', NULL, 'pending', NULL),
(237, 88, 38, 6291, '2024-11-04 12:15:16', '2024-11-04 12:15:16', NULL, 'pending', NULL),
(238, 119, 28, 8723, '2024-11-04 12:15:16', '2024-11-04 12:15:16', NULL, 'pending', NULL),
(239, 119, 90, 5572, '2024-11-04 12:15:16', '2024-11-04 12:15:16', NULL, 'pending', NULL),
(240, 119, 74, 6134, '2024-11-04 12:15:16', '2024-11-04 12:15:16', NULL, 'pending', NULL),
(241, 126, 79, 4945, '2024-11-04 12:15:16', '2024-11-04 12:15:16', NULL, 'pending', NULL),
(242, 126, 1, 9533, '2024-11-04 12:15:16', '2024-11-04 12:15:16', NULL, 'pending', NULL),
(243, 126, 9, 6217, '2024-11-04 12:15:16', '2024-11-04 12:15:16', NULL, 'pending', NULL),
(244, 3, 13, 6278, '2024-11-04 12:15:16', '2024-11-04 12:15:16', NULL, 'pending', NULL),
(245, 3, 2, 6465, '2024-11-04 12:15:16', '2024-11-04 12:15:16', NULL, 'pending', NULL),
(246, 3, 84, 8861, '2024-11-04 12:15:16', '2024-11-04 12:15:16', NULL, 'pending', NULL),
(247, 49, 71, 4078, '2024-11-04 12:15:16', '2024-11-04 12:15:16', NULL, 'pending', NULL),
(248, 49, 26, 4266, '2024-11-04 12:15:16', '2024-11-04 12:15:16', NULL, 'pending', NULL),
(249, 49, 11, 4348, '2024-11-04 12:15:16', '2024-11-04 12:15:16', NULL, 'pending', NULL),
(250, 25, 8, 8107, '2024-11-04 12:15:16', '2024-11-04 12:15:16', NULL, 'pending', NULL),
(251, 25, 74, 5310, '2024-11-04 12:15:16', '2024-11-04 12:15:16', NULL, 'pending', NULL),
(252, 151, 51, 5110, '2024-11-04 12:15:16', '2024-11-04 12:15:16', NULL, 'pending', NULL),
(253, 151, 74, 5299, '2024-11-04 12:15:16', '2024-11-04 12:15:16', NULL, 'pending', NULL),
(254, 151, 96, 9308, '2024-11-04 12:15:16', '2024-11-04 12:15:16', NULL, 'pending', NULL),
(255, 53, 56, 5921, '2024-11-04 12:15:16', '2024-11-04 12:15:16', NULL, 'pending', NULL),
(256, 53, 82, 6685, '2024-11-04 12:15:16', '2024-11-04 12:15:16', NULL, 'pending', NULL),
(257, 79, 69, 7595, '2024-11-04 12:15:16', '2024-11-04 12:15:16', NULL, 'pending', NULL),
(258, 79, 28, 5398, '2024-11-04 12:15:16', '2024-11-04 12:15:16', NULL, 'pending', NULL),
(259, 79, 58, 5708, '2024-11-04 12:15:16', '2024-11-04 12:15:16', NULL, 'pending', NULL),
(260, 252, 30, 6765, '2024-11-04 12:15:16', '2024-11-04 12:15:16', NULL, 'pending', NULL),
(261, 252, 20, 5870, '2024-11-04 12:15:16', '2024-11-04 12:15:16', NULL, 'pending', NULL),
(262, 252, 64, 5459, '2024-11-04 12:15:16', '2024-11-04 12:15:16', NULL, 'pending', NULL),
(263, 252, 60, 8992, '2024-11-04 12:15:16', '2024-11-04 12:15:16', NULL, 'pending', NULL),
(264, 237, 36, 7666, '2024-11-04 12:15:16', '2024-11-04 12:15:16', NULL, 'pending', NULL),
(265, 22, 96, 6155, '2024-11-04 12:15:16', '2024-11-04 12:15:16', NULL, 'pending', NULL),
(266, 22, 67, 9422, '2024-11-04 12:15:16', '2024-11-04 12:15:16', NULL, 'pending', NULL),
(267, 51, 14, 7422, '2024-11-04 12:15:16', '2024-11-04 12:15:16', NULL, 'pending', NULL),
(268, 51, 3, 4205, '2024-11-04 12:15:16', '2024-11-04 12:15:16', NULL, 'pending', NULL),
(269, 51, 70, 7515, '2024-11-04 12:15:16', '2024-11-04 12:15:16', NULL, 'pending', NULL),
(270, 279, 13, 4695, '2024-11-04 12:15:16', '2024-11-04 12:15:16', NULL, 'pending', NULL),
(271, 279, 100, 6714, '2024-11-04 12:15:16', '2024-11-04 12:15:16', NULL, 'pending', NULL),
(272, 279, 41, 6164, '2024-11-04 12:15:16', '2024-11-04 12:15:16', NULL, 'pending', NULL),
(273, 227, 44, 6128, '2024-11-04 12:15:16', '2024-11-04 12:15:16', NULL, 'pending', NULL),
(274, 227, 51, 5893, '2024-11-04 12:15:16', '2024-11-04 12:15:16', NULL, 'pending', NULL),
(275, 227, 81, 4404, '2024-11-04 12:15:16', '2024-11-04 12:15:16', NULL, 'pending', NULL),
(276, 227, 5, 5486, '2024-11-04 12:15:16', '2024-11-04 12:15:16', NULL, 'pending', NULL),
(277, 181, 3, 8381, '2024-11-04 12:15:16', '2024-11-04 12:15:16', NULL, 'pending', NULL),
(278, 181, 21, 5791, '2024-11-04 12:15:16', '2024-11-04 12:15:16', NULL, 'pending', NULL),
(279, 178, 71, 4447, '2024-11-04 12:15:16', '2024-11-04 12:15:16', NULL, 'pending', NULL),
(280, 178, 33, 9197, '2024-11-04 12:15:16', '2024-11-04 12:15:16', NULL, 'pending', NULL),
(281, 26, 28, 7033, '2024-11-04 12:15:16', '2024-11-04 12:15:16', NULL, 'pending', NULL),
(282, 47, 76, 6538, '2024-11-04 12:15:16', '2024-11-04 12:15:16', NULL, 'pending', NULL),
(283, 47, 83, 9503, '2024-11-04 12:15:16', '2024-11-04 12:15:16', NULL, 'pending', NULL),
(284, 47, 41, 9343, '2024-11-04 12:15:16', '2024-11-04 12:15:16', NULL, 'pending', NULL),
(285, 71, 7, 6696, '2024-11-04 12:15:16', '2024-11-04 12:15:16', NULL, 'pending', NULL),
(286, 130, 100, 4740, '2024-11-04 12:15:16', '2024-11-04 12:15:16', NULL, 'pending', NULL),
(287, 211, 84, 7191, '2024-11-04 12:15:16', '2024-11-04 12:15:16', NULL, 'pending', NULL),
(288, 86, 4, 7438, '2024-11-04 12:15:16', '2024-11-04 12:15:16', NULL, 'pending', NULL),
(289, 86, 35, 5441, '2024-11-04 12:15:16', '2024-11-04 12:15:16', NULL, 'pending', NULL),
(290, 86, 97, 9852, '2024-11-04 12:15:16', '2024-11-04 12:15:16', NULL, 'pending', NULL),
(291, 13, 24, 6803, '2024-11-04 12:15:16', '2024-11-04 12:15:16', NULL, 'pending', NULL),
(292, 13, 94, 4897, '2024-11-04 12:15:16', '2024-11-04 12:15:16', NULL, 'pending', NULL),
(293, 13, 51, 9803, '2024-11-04 12:15:16', '2024-11-04 12:15:16', NULL, 'pending', NULL),
(294, 74, 83, 6675, '2024-11-04 12:15:16', '2024-11-04 12:15:16', NULL, 'pending', NULL),
(295, 74, 88, 9092, '2024-11-04 12:15:16', '2024-11-04 12:15:16', NULL, 'pending', NULL),
(296, 196, 18, 9257, '2024-11-04 12:15:16', '2024-11-04 12:15:16', NULL, 'pending', NULL),
(297, 196, 99, 7549, '2024-11-04 12:15:16', '2024-11-04 12:15:16', NULL, 'pending', NULL),
(298, 210, 65, 5626, '2024-11-04 12:15:16', '2024-11-04 12:15:16', NULL, 'pending', NULL),
(299, 210, 100, 7790, '2024-11-04 12:15:16', '2024-11-04 12:15:16', NULL, 'pending', NULL),
(300, 210, 51, 8627, '2024-11-04 12:15:16', '2024-11-04 12:15:16', NULL, 'pending', NULL),
(301, 210, 7, 5883, '2024-11-04 12:15:16', '2024-11-04 12:15:16', NULL, 'pending', NULL),
(302, 271, 101, 6482, '2024-11-04 12:15:16', '2024-11-04 12:15:16', NULL, 'pending', NULL),
(303, 271, 83, 4968, '2024-11-04 12:15:16', '2024-11-04 12:15:16', NULL, 'pending', NULL),
(304, 271, 98, 9651, '2024-11-04 12:15:16', '2024-11-04 12:15:16', NULL, 'pending', NULL),
(305, 271, 79, 5069, '2024-11-04 12:15:16', '2024-11-04 12:15:16', NULL, 'pending', NULL),
(306, 193, 45, 7675, '2024-11-04 12:15:16', '2024-11-04 12:15:16', NULL, 'pending', NULL),
(307, 193, 51, 8492, '2024-11-04 12:15:16', '2024-11-04 12:15:16', NULL, 'pending', NULL),
(308, 17, 16, 5776, '2024-11-04 12:15:16', '2024-11-04 12:15:16', NULL, 'pending', NULL),
(309, 17, 22, 4569, '2024-11-04 12:15:16', '2024-11-04 12:15:16', NULL, 'pending', NULL),
(310, 27, 30, 7821, '2024-11-04 12:15:16', '2024-11-04 12:15:16', NULL, 'pending', NULL),
(311, 27, 15, 4188, '2024-11-04 12:15:16', '2024-11-04 12:15:16', NULL, 'pending', NULL),
(312, 27, 54, 8345, '2024-11-04 12:15:16', '2024-11-04 12:15:16', NULL, 'pending', NULL),
(313, 27, 85, 8283, '2024-11-04 12:15:16', '2024-11-04 12:15:16', NULL, 'pending', NULL),
(314, 157, 49, 4832, '2024-11-04 12:15:16', '2024-11-04 12:15:16', NULL, 'pending', NULL),
(315, 157, 18, 5643, '2024-11-04 12:15:16', '2024-11-04 12:15:16', NULL, 'pending', NULL),
(316, 157, 89, 4880, '2024-11-04 12:15:16', '2024-11-04 12:15:16', NULL, 'pending', NULL),
(317, 157, 91, 4065, '2024-11-04 12:15:16', '2024-11-04 12:15:16', NULL, 'pending', NULL),
(318, 132, 49, 6914, '2024-11-04 12:15:16', '2024-11-04 12:15:16', NULL, 'pending', NULL),
(319, 132, 89, 8938, '2024-11-04 12:15:16', '2024-11-04 12:15:16', NULL, 'pending', NULL),
(320, 272, 40, 9842, '2024-11-04 12:15:16', '2024-11-04 12:15:16', NULL, 'pending', NULL),
(321, 125, 96, 9301, '2024-11-04 12:15:16', '2024-11-04 12:15:16', NULL, 'pending', NULL),
(322, 125, 86, 7962, '2024-11-04 12:15:16', '2024-11-04 12:15:16', NULL, 'pending', NULL),
(323, 180, 101, 5504, '2024-11-04 12:15:16', '2024-11-04 12:15:16', NULL, 'pending', NULL),
(324, 180, 56, 9620, '2024-11-04 12:15:16', '2024-11-04 12:15:16', NULL, 'pending', NULL),
(325, 180, 32, 7463, '2024-11-04 12:15:16', '2024-11-04 12:15:16', NULL, 'pending', NULL),
(326, 180, 46, 4507, '2024-11-04 12:15:16', '2024-11-04 12:15:16', NULL, 'pending', NULL),
(327, 118, 78, 4925, '2024-11-04 12:15:16', '2024-11-04 12:15:16', NULL, 'pending', NULL),
(328, 173, 25, 9071, '2024-11-04 12:15:16', '2024-11-04 12:15:16', NULL, 'pending', NULL),
(329, 173, 79, 9011, '2024-11-04 12:15:16', '2024-11-04 12:15:16', NULL, 'pending', NULL),
(330, 204, 8, 4127, '2024-11-04 12:15:16', '2024-11-04 12:15:16', NULL, 'pending', NULL),
(331, 204, 51, 5675, '2024-11-04 12:15:16', '2024-11-04 12:15:16', NULL, 'pending', NULL),
(332, 204, 79, 4436, '2024-11-04 12:15:16', '2024-11-04 12:15:16', NULL, 'pending', NULL),
(333, 36, 38, 6239, '2024-11-04 12:15:16', '2024-11-04 12:15:16', NULL, 'pending', NULL),
(334, 36, 50, 9944, '2024-11-04 12:15:16', '2024-11-04 12:15:16', NULL, 'pending', NULL),
(335, 36, 101, 8644, '2024-11-04 12:15:16', '2024-11-04 12:15:16', NULL, 'pending', NULL),
(336, 36, 44, 6045, '2024-11-04 12:15:16', '2024-11-04 12:15:16', NULL, 'pending', NULL),
(337, 224, 38, 8950, '2024-11-04 12:15:16', '2024-11-04 12:15:16', NULL, 'pending', NULL),
(338, 224, 13, 6725, '2024-11-04 12:15:16', '2024-11-04 12:15:16', NULL, 'pending', NULL),
(339, 224, 43, 6682, '2024-11-04 12:15:16', '2024-11-04 12:15:16', NULL, 'pending', NULL),
(340, 234, 65, 6567, '2024-11-04 12:15:16', '2024-11-04 12:15:16', NULL, 'pending', NULL),
(341, 234, 19, 8424, '2024-11-04 12:15:16', '2024-11-04 12:15:16', NULL, 'pending', NULL),
(342, 234, 42, 7472, '2024-11-04 12:15:16', '2024-11-04 12:15:16', NULL, 'pending', NULL),
(343, 33, 67, 6244, '2024-11-04 12:15:16', '2024-11-04 12:15:16', NULL, 'pending', NULL),
(344, 33, 100, 4662, '2024-11-04 12:15:16', '2024-11-04 12:15:16', NULL, 'pending', NULL),
(345, 33, 62, 5142, '2024-11-04 12:15:16', '2024-11-04 12:15:16', NULL, 'pending', NULL),
(346, 33, 94, 7814, '2024-11-04 12:15:16', '2024-11-04 12:15:16', NULL, 'pending', NULL),
(347, 284, 27, 4891, '2024-11-04 12:15:16', '2024-11-04 12:15:16', NULL, 'pending', NULL),
(348, 284, 61, 9430, '2024-11-04 12:15:16', '2024-11-04 12:15:16', NULL, 'pending', NULL),
(349, 284, 89, 7225, '2024-11-04 12:15:16', '2024-11-04 12:15:16', NULL, 'pending', NULL),
(350, 161, 82, 4496, '2024-11-04 12:15:16', '2024-11-04 12:15:16', NULL, 'pending', NULL),
(351, 161, 57, 6901, '2024-11-04 12:15:16', '2024-11-04 12:15:16', NULL, 'pending', NULL),
(352, 161, 62, 4174, '2024-11-04 12:15:16', '2024-11-04 12:15:16', NULL, 'pending', NULL),
(353, 116, 80, 6378, '2024-11-04 12:15:16', '2024-11-04 12:15:16', NULL, 'pending', NULL),
(354, 116, 37, 6146, '2024-11-04 12:15:16', '2024-11-04 12:15:16', NULL, 'pending', NULL),
(355, 150, 58, 5982, '2024-11-04 12:15:16', '2024-11-04 12:15:16', NULL, 'pending', NULL),
(356, 150, 24, 8982, '2024-11-04 12:15:16', '2024-11-04 12:15:16', NULL, 'pending', NULL),
(357, 150, 100, 7181, '2024-11-04 12:15:16', '2024-11-04 12:15:16', NULL, 'pending', NULL),
(358, 150, 81, 7131, '2024-11-04 12:15:16', '2024-11-04 12:15:16', NULL, 'pending', NULL),
(359, 104, 55, 4502, '2024-11-04 12:15:16', '2024-11-04 12:15:16', NULL, 'pending', NULL),
(360, 104, 35, 4897, '2024-11-04 12:15:16', '2024-11-04 12:15:16', NULL, 'pending', NULL),
(361, 104, 57, 6723, '2024-11-04 12:15:16', '2024-11-04 12:15:16', NULL, 'pending', NULL),
(362, 104, 89, 7986, '2024-11-04 12:15:16', '2024-11-04 12:15:16', NULL, 'pending', NULL),
(363, 268, 4, 7244, '2024-11-04 12:15:16', '2024-11-04 12:15:16', NULL, 'pending', NULL),
(364, 268, 6, 9693, '2024-11-04 12:15:16', '2024-11-04 12:15:16', NULL, 'pending', NULL),
(365, 268, 60, 4381, '2024-11-04 12:15:16', '2024-11-04 12:15:16', NULL, 'pending', NULL),
(366, 250, 47, 8129, '2024-11-04 12:15:16', '2024-11-04 12:15:16', NULL, 'pending', NULL),
(367, 184, 67, 6456, '2024-11-04 12:15:16', '2024-11-04 12:15:16', NULL, 'pending', NULL),
(368, 184, 55, 4553, '2024-11-04 12:15:16', '2024-11-04 12:15:16', NULL, 'pending', NULL),
(369, 106, 87, 8532, '2024-11-04 12:15:16', '2024-11-04 12:15:16', NULL, 'pending', NULL),
(370, 90, 51, 7996, '2024-11-04 12:15:16', '2024-11-04 12:15:16', NULL, 'pending', NULL),
(371, 90, 34, 9620, '2024-11-04 12:15:16', '2024-11-04 12:15:16', NULL, 'pending', NULL),
(372, 282, 42, 9024, '2024-11-04 12:15:16', '2024-11-04 12:15:16', NULL, 'pending', NULL),
(373, 282, 35, 5438, '2024-11-04 12:15:16', '2024-11-04 12:15:16', NULL, 'pending', NULL),
(374, 282, 67, 8695, '2024-11-04 12:15:16', '2024-11-04 12:15:16', NULL, 'pending', NULL),
(375, 60, 4, 4457, '2024-11-04 12:15:16', '2024-11-04 12:15:16', NULL, 'pending', NULL),
(376, 60, 48, 7898, '2024-11-04 12:15:16', '2024-11-04 12:15:16', NULL, 'pending', NULL),
(377, 60, 45, 8987, '2024-11-04 12:15:16', '2024-11-04 12:15:16', NULL, 'pending', NULL),
(378, 60, 29, 4459, '2024-11-04 12:15:16', '2024-11-04 12:15:16', NULL, 'pending', NULL),
(379, 92, 90, 8597, '2024-11-04 12:15:16', '2024-11-04 12:15:16', NULL, 'pending', NULL),
(380, 182, 36, 6249, '2024-11-04 12:15:16', '2024-11-04 12:15:16', NULL, 'pending', NULL),
(381, 182, 45, 7675, '2024-11-04 12:15:16', '2024-11-04 12:15:16', NULL, 'pending', NULL),
(382, 182, 100, 8954, '2024-11-04 12:15:16', '2024-11-04 12:15:16', NULL, 'pending', NULL),
(383, 182, 6, 7036, '2024-11-04 12:15:16', '2024-11-04 12:15:16', NULL, 'pending', NULL),
(384, 257, 60, 4921, '2024-11-04 12:15:16', '2024-11-04 12:15:16', NULL, 'pending', NULL),
(385, 257, 16, 7579, '2024-11-04 12:15:16', '2024-11-04 12:15:16', NULL, 'pending', NULL),
(386, 257, 7, 7616, '2024-11-04 12:15:16', '2024-11-04 12:15:16', NULL, 'pending', NULL),
(387, 146, 100, 7887, '2024-11-04 12:15:16', '2024-11-04 12:15:16', NULL, 'pending', NULL),
(388, 146, 65, 8060, '2024-11-04 12:15:16', '2024-11-04 12:15:16', NULL, 'pending', NULL),
(389, 87, 91, 4232, '2024-11-04 12:15:16', '2024-11-04 12:15:16', NULL, 'pending', NULL),
(390, 87, 44, 6236, '2024-11-04 12:15:16', '2024-11-04 12:15:16', NULL, 'pending', NULL),
(391, 87, 67, 7562, '2024-11-04 12:15:16', '2024-11-04 12:15:16', NULL, 'pending', NULL),
(392, 87, 73, 9053, '2024-11-04 12:15:16', '2024-11-04 12:15:16', NULL, 'pending', NULL),
(393, 198, 4, 5657, '2024-11-04 12:15:16', '2024-11-04 12:15:16', NULL, 'pending', NULL),
(394, 198, 47, 8362, '2024-11-04 12:15:16', '2024-11-04 12:15:16', NULL, 'pending', NULL),
(395, 198, 70, 7192, '2024-11-04 12:15:16', '2024-11-04 12:15:16', NULL, 'pending', NULL),
(396, 144, 11, 7837, '2024-11-04 12:15:16', '2024-11-04 12:15:16', NULL, 'pending', NULL),
(397, 144, 28, 9018, '2024-11-04 12:15:16', '2024-11-04 12:15:16', NULL, 'pending', NULL),
(398, 283, 17, 6804, '2024-11-04 12:15:16', '2024-11-04 12:15:16', NULL, 'pending', NULL),
(399, 283, 25, 6414, '2024-11-04 12:15:16', '2024-11-04 12:15:16', NULL, 'pending', NULL),
(400, 174, 66, 6399, '2024-11-04 12:15:16', '2024-11-04 12:15:16', NULL, 'pending', NULL),
(401, 177, 66, 7033, '2024-11-04 12:15:16', '2024-11-04 12:15:16', NULL, 'pending', NULL),
(402, 59, 5, 5083, '2024-11-04 12:15:16', '2024-11-04 12:15:16', NULL, 'pending', NULL),
(403, 197, 96, 9505, '2024-11-04 12:15:16', '2024-11-04 12:15:16', NULL, 'pending', NULL),
(404, 197, 44, 4159, '2024-11-04 12:15:16', '2024-11-04 12:15:16', NULL, 'pending', NULL),
(405, 197, 101, 5474, '2024-11-04 12:15:16', '2024-11-04 12:15:16', NULL, 'pending', NULL),
(406, 197, 16, 7404, '2024-11-04 12:15:16', '2024-11-04 12:15:16', NULL, 'pending', NULL),
(407, 299, 85, 5878, '2024-11-04 12:15:16', '2024-11-04 12:15:16', NULL, 'pending', NULL),
(408, 299, 12, 5780, '2024-11-04 12:15:16', '2024-11-04 12:15:16', NULL, 'pending', NULL),
(409, 299, 29, 4990, '2024-11-04 12:15:16', '2024-11-04 12:15:16', NULL, 'pending', NULL),
(410, 299, 5, 8462, '2024-11-04 12:15:16', '2024-11-04 12:15:16', NULL, 'pending', NULL),
(411, 297, 92, 9989, '2024-11-04 12:15:16', '2024-11-04 12:15:16', NULL, 'pending', NULL),
(412, 297, 80, 9094, '2024-11-04 12:15:16', '2024-11-04 12:15:16', NULL, 'pending', NULL),
(413, 297, 70, 7655, '2024-11-04 12:15:16', '2024-11-04 12:15:16', NULL, 'pending', NULL),
(414, 231, 50, 5643, '2024-11-04 12:15:16', '2024-11-04 12:15:16', NULL, 'pending', NULL),
(415, 231, 1, 8358, '2024-11-04 12:15:16', '2024-11-04 12:15:16', NULL, 'pending', NULL),
(416, 231, 80, 6415, '2024-11-04 12:15:16', '2024-11-04 12:15:16', NULL, 'pending', NULL),
(417, 168, 2, 4476, '2024-11-04 12:15:16', '2024-11-04 12:15:16', NULL, 'pending', NULL),
(418, 168, 56, 5862, '2024-11-04 12:15:16', '2024-11-04 12:15:16', NULL, 'pending', NULL),
(419, 168, 53, 7614, '2024-11-04 12:15:16', '2024-11-04 12:15:16', NULL, 'pending', NULL),
(420, 168, 37, 7717, '2024-11-04 12:15:16', '2024-11-04 12:15:16', NULL, 'pending', NULL),
(421, 111, 71, 5404, '2024-11-04 12:15:16', '2024-11-04 12:15:16', NULL, 'pending', NULL),
(422, 111, 43, 5601, '2024-11-04 12:15:16', '2024-11-04 12:15:16', NULL, 'pending', NULL),
(423, 111, 16, 9021, '2024-11-04 12:15:16', '2024-11-04 12:15:16', NULL, 'pending', NULL),
(424, 111, 13, 9193, '2024-11-04 12:15:16', '2024-11-04 12:15:16', NULL, 'pending', NULL),
(425, 84, 17, 8446, '2024-11-04 12:15:16', '2024-11-04 12:15:16', NULL, 'pending', NULL),
(426, 84, 33, 7391, '2024-11-04 12:15:16', '2024-11-04 12:15:16', NULL, 'pending', NULL),
(427, 84, 3, 8053, '2024-11-04 12:15:16', '2024-11-04 12:15:16', NULL, 'pending', NULL),
(428, 84, 1, 9430, '2024-11-04 12:15:16', '2024-11-04 12:15:16', NULL, 'pending', NULL),
(429, 256, 1, 8671, '2024-11-04 12:15:16', '2024-11-04 12:15:16', NULL, 'pending', NULL),
(430, 256, 40, 5483, '2024-11-04 12:15:16', '2024-11-04 12:15:16', NULL, 'pending', NULL),
(431, 256, 6, 5669, '2024-11-04 12:15:16', '2024-11-04 12:15:16', NULL, 'pending', NULL),
(432, 256, 7, 8885, '2024-11-04 12:15:16', '2024-11-04 12:15:16', NULL, 'pending', NULL),
(433, 98, 10, 9998, '2024-11-04 12:15:16', '2024-11-04 12:15:16', NULL, 'pending', NULL),
(434, 98, 4, 5966, '2024-11-04 12:15:16', '2024-11-04 12:15:16', NULL, 'pending', NULL),
(435, 98, 100, 8096, '2024-11-04 12:15:16', '2024-11-04 12:15:16', NULL, 'pending', NULL),
(436, 98, 71, 5006, '2024-11-04 12:15:16', '2024-11-04 12:15:16', NULL, 'pending', NULL),
(437, 112, 51, 5508, '2024-11-04 12:15:16', '2024-11-04 12:15:16', NULL, 'pending', NULL),
(438, 112, 39, 6943, '2024-11-04 12:15:16', '2024-11-04 12:15:16', NULL, 'pending', NULL),
(439, 112, 24, 8026, '2024-11-04 12:15:16', '2024-11-04 12:15:16', NULL, 'pending', NULL),
(440, 112, 38, 6809, '2024-11-04 12:15:16', '2024-11-04 12:15:16', NULL, 'pending', NULL),
(441, 296, 36, 6128, '2024-11-04 12:15:16', '2024-11-04 12:15:16', NULL, 'pending', NULL),
(442, 229, 21, 7000, '2024-11-04 12:15:16', '2024-11-04 12:15:16', NULL, 'pending', NULL),
(443, 229, 56, 9111, '2024-11-04 12:15:16', '2024-11-04 12:15:16', NULL, 'pending', NULL),
(444, 229, 70, 9656, '2024-11-04 12:15:16', '2024-11-04 12:15:16', NULL, 'pending', NULL),
(445, 242, 88, 7667, '2024-11-04 12:15:16', '2024-11-04 12:15:16', NULL, 'pending', NULL),
(446, 242, 83, 7260, '2024-11-04 12:15:16', '2024-11-04 12:15:16', NULL, 'pending', NULL),
(447, 242, 11, 8429, '2024-11-04 12:15:16', '2024-11-04 12:15:16', NULL, 'pending', NULL),
(448, 194, 72, 5618, '2024-11-04 12:15:16', '2024-11-04 12:15:16', NULL, 'pending', NULL),
(449, 194, 12, 4430, '2024-11-04 12:15:16', '2024-11-04 12:15:16', NULL, 'pending', NULL),
(450, 194, 10, 5411, '2024-11-04 12:15:16', '2024-11-04 12:15:16', NULL, 'pending', NULL),
(451, 171, 15, 9617, '2024-11-04 12:15:16', '2024-11-04 12:15:16', NULL, 'pending', NULL),
(452, 171, 18, 5669, '2024-11-04 12:15:16', '2024-11-04 12:15:16', NULL, 'pending', NULL),
(453, 21, 43, 8371, '2024-11-04 12:15:16', '2024-11-04 12:15:16', NULL, 'pending', NULL),
(454, 290, 21, 7184, '2024-11-04 12:15:16', '2024-11-04 12:15:16', NULL, 'pending', NULL),
(455, 290, 7, 9755, '2024-11-04 12:15:16', '2024-11-04 12:15:16', NULL, 'pending', NULL),
(456, 290, 94, 4708, '2024-11-04 12:15:16', '2024-11-04 12:15:16', NULL, 'pending', NULL),
(457, 16, 57, 9776, '2024-11-04 12:15:16', '2024-11-04 12:15:16', NULL, 'pending', NULL),
(458, 16, 100, 9550, '2024-11-04 12:15:16', '2024-11-04 12:15:16', NULL, 'pending', NULL),
(459, 195, 43, 9597, '2024-11-04 12:15:16', '2024-11-04 12:15:16', NULL, 'pending', NULL),
(460, 195, 80, 5916, '2024-11-04 12:15:16', '2024-11-04 12:15:16', NULL, 'pending', NULL),
(461, 195, 75, 8436, '2024-11-04 12:15:16', '2024-11-04 12:15:16', NULL, 'pending', NULL),
(462, 195, 10, 6960, '2024-11-04 12:15:16', '2024-11-04 12:15:16', NULL, 'pending', NULL),
(463, 62, 8, 6956, '2024-11-04 12:15:16', '2024-11-04 12:15:16', NULL, 'pending', NULL),
(464, 135, 5, 9974, '2024-11-04 12:15:16', '2024-11-04 12:15:16', NULL, 'pending', NULL),
(465, 135, 59, 6413, '2024-11-04 12:15:16', '2024-11-04 12:15:16', NULL, 'pending', NULL),
(466, 135, 68, 8466, '2024-11-04 12:15:16', '2024-11-04 12:15:16', NULL, 'pending', NULL),
(467, 96, 62, 5884, '2024-11-04 12:15:16', '2024-11-04 12:15:16', NULL, 'pending', NULL),
(468, 96, 69, 4487, '2024-11-04 12:15:16', '2024-11-04 12:15:16', NULL, 'pending', NULL),
(469, 262, 56, 4460, '2024-11-04 12:15:16', '2024-11-04 12:15:16', NULL, 'pending', NULL),
(470, 262, 64, 9481, '2024-11-04 12:15:16', '2024-11-04 12:15:16', NULL, 'pending', NULL),
(471, 244, 49, 6089, '2024-11-04 12:15:16', '2024-11-04 12:15:16', NULL, 'pending', NULL),
(472, 244, 56, 8198, '2024-11-04 12:15:16', '2024-11-04 12:15:16', NULL, 'pending', NULL),
(473, 244, 35, 8609, '2024-11-04 12:15:16', '2024-11-04 12:15:16', NULL, 'pending', NULL),
(474, 280, 83, 5790, '2024-11-04 12:15:16', '2024-11-04 12:15:16', NULL, 'pending', NULL),
(475, 280, 39, 5157, '2024-11-04 12:15:16', '2024-11-04 12:15:16', NULL, 'pending', NULL),
(476, 85, 6, 9506, '2024-11-04 12:15:16', '2024-11-04 12:15:16', NULL, 'pending', NULL),
(477, 85, 14, 4512, '2024-11-04 12:15:16', '2024-11-04 12:15:16', NULL, 'pending', NULL),
(478, 85, 70, 7588, '2024-11-04 12:15:16', '2024-11-04 12:15:16', NULL, 'pending', NULL),
(479, 85, 55, 4940, '2024-11-04 12:15:16', '2024-11-04 12:15:16', NULL, 'pending', NULL),
(480, 75, 55, 6474, '2024-11-04 12:15:16', '2024-11-04 12:15:16', NULL, 'pending', NULL),
(481, 75, 42, 7090, '2024-11-04 12:15:16', '2024-11-04 12:15:16', NULL, 'pending', NULL),
(482, 75, 83, 9127, '2024-11-04 12:15:16', '2024-11-04 12:15:16', NULL, 'pending', NULL),
(483, 75, 30, 7559, '2024-11-04 12:15:16', '2024-11-04 12:15:16', NULL, 'pending', NULL),
(484, 275, 54, 4489, '2024-11-04 12:15:16', '2024-11-04 12:15:16', NULL, 'pending', NULL),
(485, 275, 55, 8837, '2024-11-04 12:15:16', '2024-11-04 12:15:16', NULL, 'pending', NULL),
(486, 275, 47, 8950, '2024-11-04 12:15:16', '2024-11-04 12:15:16', NULL, 'pending', NULL),
(487, 20, 66, 4686, '2024-11-04 12:15:16', '2024-11-04 12:15:16', NULL, 'pending', NULL),
(488, 20, 24, 7479, '2024-11-04 12:15:16', '2024-11-04 12:15:16', NULL, 'pending', NULL),
(489, 20, 57, 9213, '2024-11-04 12:15:16', '2024-11-04 12:15:16', NULL, 'pending', NULL),
(490, 6, 56, 5311, '2024-11-04 12:15:16', '2024-11-04 12:15:16', NULL, 'pending', NULL),
(491, 277, 33, 6600, '2024-11-04 12:15:16', '2024-11-04 12:15:16', NULL, 'pending', NULL),
(492, 277, 69, 6515, '2024-11-04 12:15:16', '2024-11-04 12:15:16', NULL, 'pending', NULL),
(493, 277, 28, 5474, '2024-11-04 12:15:16', '2024-11-04 12:15:16', NULL, 'pending', NULL),
(494, 61, 28, 9580, '2024-11-04 12:15:16', '2024-11-04 12:15:16', NULL, 'pending', NULL),
(495, 61, 7, 5683, '2024-11-04 12:15:16', '2024-11-04 12:15:16', NULL, 'pending', NULL),
(496, 61, 55, 9114, '2024-11-04 12:15:16', '2024-11-04 12:15:16', NULL, 'pending', NULL),
(497, 153, 40, 4455, '2024-11-04 12:15:16', '2024-11-04 12:15:16', NULL, 'pending', NULL),
(498, 153, 19, 4923, '2024-11-04 12:15:16', '2024-11-04 12:15:16', NULL, 'pending', NULL),
(499, 153, 30, 5880, '2024-11-04 12:15:16', '2024-11-04 12:15:16', NULL, 'pending', NULL),
(500, 153, 52, 7030, '2024-11-04 12:15:16', '2024-11-04 12:15:16', NULL, 'pending', NULL),
(501, 77, 47, 9508, '2024-11-04 12:15:16', '2024-11-04 12:15:16', NULL, 'pending', NULL),
(502, 77, 54, 4906, '2024-11-04 12:15:16', '2024-11-04 12:15:16', NULL, 'pending', NULL),
(503, 77, 101, 7973, '2024-11-04 12:15:16', '2024-11-04 12:15:16', NULL, 'pending', NULL),
(504, 264, 28, 7964, '2024-11-04 12:15:16', '2024-11-04 12:15:16', NULL, 'pending', NULL),
(505, 264, 8, 9026, '2024-11-04 12:15:16', '2024-11-04 12:15:16', NULL, 'pending', NULL),
(506, 264, 95, 7319, '2024-11-04 12:15:16', '2024-11-04 12:15:16', NULL, 'pending', NULL),
(507, 260, 29, 4540, '2024-11-04 12:15:16', '2024-11-04 12:15:16', NULL, 'pending', NULL),
(508, 260, 71, 9726, '2024-11-04 12:15:16', '2024-11-04 12:15:16', NULL, 'pending', NULL),
(509, 172, 78, 8479, '2024-11-04 12:15:16', '2024-11-04 12:15:16', NULL, 'pending', NULL),
(510, 172, 57, 5080, '2024-11-04 12:15:16', '2024-11-04 12:15:16', NULL, 'pending', NULL),
(511, 114, 45, 6165, '2024-11-04 12:15:16', '2024-11-04 12:15:16', NULL, 'pending', NULL),
(512, 114, 72, 8252, '2024-11-04 12:15:16', '2024-11-04 12:15:16', NULL, 'pending', NULL),
(513, 114, 61, 9752, '2024-11-04 12:15:16', '2024-11-04 12:15:16', NULL, 'pending', NULL),
(514, 114, 91, 7681, '2024-11-04 12:15:16', '2024-11-04 12:15:16', NULL, 'pending', NULL),
(515, 9, 16, 8791, '2024-11-04 12:15:16', '2024-11-04 12:15:16', NULL, 'pending', NULL),
(516, 9, 11, 8187, '2024-11-04 12:15:16', '2024-11-04 12:15:16', NULL, 'pending', NULL),
(517, 215, 11, 4493, '2024-11-04 12:15:16', '2024-11-04 12:15:16', NULL, 'pending', NULL),
(518, 215, 100, 7990, '2024-11-04 12:15:16', '2024-11-04 12:15:16', NULL, 'pending', NULL),
(519, 215, 85, 4778, '2024-11-04 12:15:16', '2024-11-04 12:15:16', NULL, 'pending', NULL),
(520, 253, 99, 4899, '2024-11-04 12:15:16', '2024-11-04 12:15:16', NULL, 'pending', NULL),
(521, 188, 92, 4326, '2024-11-04 12:15:16', '2024-11-04 12:15:16', NULL, 'pending', NULL),
(522, 30, 66, 5791, '2024-11-04 12:15:16', '2024-11-04 12:15:16', NULL, 'pending', NULL),
(523, 295, 97, 6401, '2024-11-04 12:15:16', '2024-11-04 12:15:16', NULL, 'pending', NULL),
(524, 295, 5, 9513, '2024-11-04 12:15:16', '2024-11-04 12:15:16', NULL, 'pending', NULL),
(525, 295, 44, 8722, '2024-11-04 12:15:16', '2024-11-04 12:15:16', NULL, 'pending', NULL),
(526, 190, 44, 4035, '2024-11-04 12:15:16', '2024-11-04 12:15:16', NULL, 'pending', NULL),
(527, 190, 98, 4708, '2024-11-04 12:15:16', '2024-11-04 12:15:16', NULL, 'pending', NULL),
(528, 190, 94, 8678, '2024-11-04 12:15:16', '2024-11-04 12:15:16', NULL, 'pending', NULL),
(529, 213, 88, 7581, '2024-11-04 12:15:16', '2024-11-04 12:15:16', NULL, 'pending', NULL),
(530, 213, 24, 4623, '2024-11-04 12:15:16', '2024-11-04 12:15:16', NULL, 'pending', NULL),
(531, 213, 3, 9384, '2024-11-04 12:15:16', '2024-11-04 12:15:16', NULL, 'pending', NULL),
(532, 213, 57, 5826, '2024-11-04 12:15:16', '2024-11-04 12:15:16', NULL, 'pending', NULL),
(533, 162, 9, 6412, '2024-11-04 12:15:16', '2024-11-04 12:15:16', NULL, 'pending', NULL),
(534, 2, 29, 4611, '2024-11-04 12:15:16', '2024-11-04 12:15:16', NULL, 'pending', NULL),
(535, 2, 44, 4590, '2024-11-04 12:15:16', '2024-11-04 12:15:16', NULL, 'pending', NULL),
(536, 2, 87, 8579, '2024-11-04 12:15:16', '2024-11-04 12:15:16', NULL, 'pending', NULL),
(537, 261, 66, 8212, '2024-11-04 12:15:16', '2024-11-04 12:15:16', NULL, 'pending', NULL),
(538, 261, 77, 8434, '2024-11-04 12:15:16', '2024-11-04 12:15:16', NULL, 'pending', NULL),
(539, 58, 71, 9664, '2024-11-04 12:15:16', '2024-11-04 12:15:16', NULL, 'pending', NULL),
(540, 80, 3, 6849, '2024-11-04 12:15:16', '2024-11-04 12:15:16', NULL, 'pending', NULL),
(541, 246, 59, 9941, '2024-11-04 12:15:16', '2024-11-04 12:15:16', NULL, 'pending', NULL),
(542, 246, 27, 9834, '2024-11-04 12:15:16', '2024-11-04 12:15:16', NULL, 'pending', NULL),
(543, 246, 39, 5769, '2024-11-04 12:15:16', '2024-11-04 12:15:16', NULL, 'pending', NULL),
(544, 274, 55, 9120, '2024-11-04 12:15:16', '2024-11-04 12:15:16', NULL, 'pending', NULL),
(545, 274, 93, 7092, '2024-11-04 12:15:16', '2024-11-04 12:15:16', NULL, 'pending', NULL),
(546, 274, 24, 5692, '2024-11-04 12:15:16', '2024-11-04 12:15:16', NULL, 'pending', NULL),
(547, 274, 30, 7031, '2024-11-04 12:15:16', '2024-11-04 12:15:16', NULL, 'pending', NULL),
(548, 8, 92, 8406, '2024-11-04 12:15:16', '2024-11-04 12:15:16', NULL, 'pending', NULL),
(549, 8, 16, 6767, '2024-11-04 12:15:16', '2024-11-04 12:15:16', NULL, 'pending', NULL),
(550, 8, 27, 6541, '2024-11-04 12:15:16', '2024-11-04 12:15:16', NULL, 'pending', NULL),
(551, 232, 78, 4483, '2024-11-04 12:15:16', '2024-11-04 12:15:16', NULL, 'pending', NULL),
(552, 222, 55, 4132, '2024-11-04 12:15:16', '2024-11-04 12:15:16', NULL, 'pending', NULL),
(553, 222, 94, 7913, '2024-11-04 12:15:16', '2024-11-04 12:15:16', NULL, 'pending', NULL),
(554, 138, 91, 5727, '2024-11-04 12:15:16', '2024-11-04 12:15:16', NULL, 'pending', NULL),
(555, 145, 101, 8210, '2024-11-04 12:15:16', '2024-11-04 12:15:16', NULL, 'pending', NULL),
(556, 145, 33, 8378, '2024-11-04 12:15:16', '2024-11-04 12:15:16', NULL, 'pending', NULL),
(557, 145, 44, 7970, '2024-11-04 12:15:16', '2024-11-04 12:15:16', NULL, 'pending', NULL),
(558, 269, 65, 9920, '2024-11-04 12:15:16', '2024-11-04 12:15:16', NULL, 'pending', NULL),
(559, 269, 38, 7982, '2024-11-04 12:15:16', '2024-11-04 12:15:16', NULL, 'pending', NULL),
(560, 269, 40, 5112, '2024-11-04 12:15:16', '2024-11-04 12:15:16', NULL, 'pending', NULL),
(561, 269, 85, 4473, '2024-11-04 12:15:16', '2024-11-04 12:15:16', NULL, 'pending', NULL),
(562, 228, 76, 4373, '2024-11-04 12:15:16', '2024-11-04 12:15:16', NULL, 'pending', NULL),
(563, 4, 50, 9109, '2024-11-04 12:15:16', '2024-11-04 12:15:16', NULL, 'pending', NULL);
INSERT INTO `errand_applications` (`id`, `user_id`, `errand_id`, `expected_salary`, `created_at`, `updated_at`, `cv_path`, `status`, `customer_id`) VALUES
(564, 4, 11, 4303, '2024-11-04 12:15:16', '2024-11-04 12:15:16', NULL, 'pending', NULL),
(565, 4, 89, 7604, '2024-11-04 12:15:16', '2024-11-04 12:15:16', NULL, 'pending', NULL),
(566, 137, 41, 7455, '2024-11-04 12:15:16', '2024-11-04 12:15:16', NULL, 'pending', NULL),
(567, 137, 21, 5683, '2024-11-04 12:15:16', '2024-11-04 12:15:16', NULL, 'pending', NULL),
(568, 137, 81, 8713, '2024-11-04 12:15:16', '2024-11-04 12:15:16', NULL, 'pending', NULL),
(569, 95, 12, 9327, '2024-11-04 12:15:16', '2024-11-04 12:15:16', NULL, 'pending', NULL),
(570, 95, 28, 7203, '2024-11-04 12:15:16', '2024-11-04 12:15:16', NULL, 'pending', NULL),
(571, 95, 8, 5389, '2024-11-04 12:15:16', '2024-11-04 12:15:16', NULL, 'pending', NULL),
(572, 292, 5, 9642, '2024-11-04 12:15:16', '2024-11-04 12:15:16', NULL, 'pending', NULL),
(573, 139, 50, 8593, '2024-11-04 12:15:16', '2024-11-04 12:15:16', NULL, 'pending', NULL),
(574, 139, 51, 8981, '2024-11-04 12:15:16', '2024-11-04 12:15:16', NULL, 'pending', NULL),
(575, 139, 7, 5774, '2024-11-04 12:15:16', '2024-11-04 12:15:16', NULL, 'pending', NULL),
(576, 301, 29, 5141, '2024-11-04 12:15:16', '2024-11-04 12:15:16', NULL, 'pending', NULL),
(577, 301, 54, 8560, '2024-11-04 12:15:16', '2024-11-04 12:15:16', NULL, 'pending', NULL),
(578, 301, 66, 7640, '2024-11-04 12:15:16', '2024-11-04 12:15:16', NULL, 'pending', NULL),
(579, 301, 10, 6546, '2024-11-04 12:15:16', '2024-11-04 12:15:16', NULL, 'pending', NULL),
(580, 136, 61, 7390, '2024-11-04 12:15:16', '2024-11-04 12:15:16', NULL, 'pending', NULL),
(581, 136, 96, 7777, '2024-11-04 12:15:16', '2024-11-04 12:15:16', NULL, 'pending', NULL),
(582, 136, 68, 7428, '2024-11-04 12:15:16', '2024-11-04 12:15:16', NULL, 'pending', NULL),
(583, 134, 29, 8396, '2024-11-04 12:15:16', '2024-11-04 12:15:16', NULL, 'pending', NULL),
(584, 169, 13, 5421, '2024-11-04 12:15:16', '2024-11-04 12:15:16', NULL, 'pending', NULL),
(585, 169, 60, 4287, '2024-11-04 12:15:16', '2024-11-04 12:15:16', NULL, 'pending', NULL),
(586, 169, 48, 7036, '2024-11-04 12:15:16', '2024-11-04 12:15:16', NULL, 'pending', NULL),
(587, 169, 37, 7746, '2024-11-04 12:15:16', '2024-11-04 12:15:16', NULL, 'pending', NULL),
(588, 159, 24, 8061, '2024-11-04 12:15:16', '2024-11-04 12:15:16', NULL, 'pending', NULL),
(589, 159, 34, 7040, '2024-11-04 12:15:16', '2024-11-04 12:15:16', NULL, 'pending', NULL),
(590, 159, 1, 7287, '2024-11-04 12:15:16', '2024-11-04 12:15:16', NULL, 'pending', NULL),
(591, 35, 23, 4320, '2024-11-04 12:15:16', '2024-11-04 12:15:16', NULL, 'pending', NULL),
(592, 35, 61, 5741, '2024-11-04 12:15:16', '2024-11-04 12:15:16', NULL, 'pending', NULL),
(593, 35, 84, 6657, '2024-11-04 12:15:16', '2024-11-04 12:15:16', NULL, 'pending', NULL),
(594, 43, 64, 9043, '2024-11-04 12:15:16', '2024-11-04 12:15:16', NULL, 'pending', NULL),
(595, 241, 26, 5531, '2024-11-04 12:15:16', '2024-11-04 12:15:16', NULL, 'pending', NULL),
(596, 241, 35, 8838, '2024-11-04 12:15:16', '2024-11-04 12:15:16', NULL, 'pending', NULL),
(597, 241, 101, 5823, '2024-11-04 12:15:16', '2024-11-04 12:15:16', NULL, 'pending', NULL),
(598, 241, 10, 9079, '2024-11-04 12:15:16', '2024-11-04 12:15:16', NULL, 'pending', NULL),
(599, 243, 43, 8127, '2024-11-04 12:15:16', '2024-11-04 12:15:16', NULL, 'pending', NULL),
(600, 243, 20, 5594, '2024-11-04 12:15:16', '2024-11-04 12:15:16', NULL, 'pending', NULL),
(601, 243, 18, 9298, '2024-11-04 12:15:16', '2024-11-04 12:15:16', NULL, 'pending', NULL),
(602, 243, 22, 7318, '2024-11-04 12:15:16', '2024-11-04 12:15:16', NULL, 'pending', NULL),
(603, 56, 41, 7694, '2024-11-04 12:15:16', '2024-11-04 12:15:16', NULL, 'pending', NULL),
(604, 56, 89, 7548, '2024-11-04 12:15:16', '2024-11-04 12:15:16', NULL, 'pending', NULL),
(605, 56, 29, 6532, '2024-11-04 12:15:16', '2024-11-04 12:15:16', NULL, 'pending', NULL),
(606, 83, 68, 6206, '2024-11-04 12:15:16', '2024-11-04 12:15:16', NULL, 'pending', NULL),
(607, 76, 46, 9332, '2024-11-04 12:15:16', '2024-11-04 12:15:16', NULL, 'pending', NULL),
(608, 76, 7, 6680, '2024-11-04 12:15:16', '2024-11-04 12:15:16', NULL, 'pending', NULL),
(609, 76, 70, 7434, '2024-11-04 12:15:16', '2024-11-04 12:15:16', NULL, 'pending', NULL),
(610, 68, 35, 9096, '2024-11-04 12:15:16', '2024-11-04 12:15:16', NULL, 'pending', NULL),
(611, 68, 11, 5610, '2024-11-04 12:15:16', '2024-11-04 12:15:16', NULL, 'pending', NULL),
(612, 68, 37, 8071, '2024-11-04 12:15:16', '2024-11-04 12:15:16', NULL, 'pending', NULL),
(613, 167, 34, 8641, '2024-11-04 12:15:16', '2024-11-04 12:15:16', NULL, 'pending', NULL),
(614, 167, 61, 5636, '2024-11-04 12:15:16', '2024-11-04 12:15:16', NULL, 'pending', NULL);

-- --------------------------------------------------------

--
-- Table structure for table `errand_statuses`
--

DROP TABLE IF EXISTS `errand_statuses`;
CREATE TABLE IF NOT EXISTS `errand_statuses` (
  `id` bigint UNSIGNED NOT NULL AUTO_INCREMENT,
  `status_name` varchar(255) COLLATE utf8mb4_unicode_ci NOT NULL,
  `description` text COLLATE utf8mb4_unicode_ci,
  `created_at` timestamp NULL DEFAULT NULL,
  `updated_at` timestamp NULL DEFAULT NULL,
  PRIMARY KEY (`id`)
) ENGINE=MyISAM DEFAULT CHARSET=utf8mb4 COLLATE=utf8mb4_unicode_ci;

-- --------------------------------------------------------

--
-- Table structure for table `failed_jobs`
--

DROP TABLE IF EXISTS `failed_jobs`;
CREATE TABLE IF NOT EXISTS `failed_jobs` (
  `id` bigint UNSIGNED NOT NULL AUTO_INCREMENT,
  `uuid` varchar(36) COLLATE utf8mb4_unicode_ci NOT NULL,
  `connection` text COLLATE utf8mb4_unicode_ci NOT NULL,
  `queue` text COLLATE utf8mb4_unicode_ci NOT NULL,
  `payload` longtext COLLATE utf8mb4_unicode_ci NOT NULL,
  `exception` longtext COLLATE utf8mb4_unicode_ci NOT NULL,
  `failed_at` timestamp NOT NULL DEFAULT CURRENT_TIMESTAMP,
  PRIMARY KEY (`id`),
  UNIQUE KEY `failed_jobs_uuid_unique` (`uuid`)
) ENGINE=MyISAM DEFAULT CHARSET=utf8mb4 COLLATE=utf8mb4_unicode_ci;

-- --------------------------------------------------------

--
-- Table structure for table `jobs`
--

DROP TABLE IF EXISTS `jobs`;
CREATE TABLE IF NOT EXISTS `jobs` (
  `id` bigint UNSIGNED NOT NULL AUTO_INCREMENT,
  `queue` varchar(50) COLLATE utf8mb4_unicode_ci NOT NULL,
  `payload` longtext COLLATE utf8mb4_unicode_ci NOT NULL,
  `attempts` tinyint UNSIGNED NOT NULL,
  `reserved_at` int UNSIGNED DEFAULT NULL,
  `available_at` int UNSIGNED NOT NULL,
  `created_at` int UNSIGNED NOT NULL,
  PRIMARY KEY (`id`),
  KEY `jobs_queue_index` (`queue`)
) ENGINE=MyISAM DEFAULT CHARSET=utf8mb4 COLLATE=utf8mb4_unicode_ci;

-- --------------------------------------------------------

--
-- Table structure for table `job_batches`
--

DROP TABLE IF EXISTS `job_batches`;
CREATE TABLE IF NOT EXISTS `job_batches` (
  `id` varchar(50) COLLATE utf8mb4_unicode_ci NOT NULL,
  `name` varchar(50) COLLATE utf8mb4_unicode_ci NOT NULL,
  `total_jobs` int NOT NULL,
  `pending_jobs` int NOT NULL,
  `failed_jobs` int NOT NULL,
  `failed_job_ids` longtext COLLATE utf8mb4_unicode_ci NOT NULL,
  `options` mediumtext COLLATE utf8mb4_unicode_ci,
  `cancelled_at` int DEFAULT NULL,
  `created_at` int NOT NULL,
  `finished_at` int DEFAULT NULL,
  PRIMARY KEY (`id`)
) ENGINE=MyISAM DEFAULT CHARSET=utf8mb4 COLLATE=utf8mb4_unicode_ci;

-- --------------------------------------------------------

--
-- Table structure for table `migrations`
--

DROP TABLE IF EXISTS `migrations`;
CREATE TABLE IF NOT EXISTS `migrations` (
  `id` int UNSIGNED NOT NULL AUTO_INCREMENT,
  `migration` varchar(255) COLLATE utf8mb4_unicode_ci NOT NULL,
  `batch` int NOT NULL,
  PRIMARY KEY (`id`)
) ENGINE=MyISAM AUTO_INCREMENT=13 DEFAULT CHARSET=utf8mb4 COLLATE=utf8mb4_unicode_ci;

--
-- Dumping data for table `migrations`
--

INSERT INTO `migrations` (`id`, `migration`, `batch`) VALUES
(1, '0001_01_01_000000_create_users_table', 1),
(2, '0001_01_01_000001_create_cache_table', 1),
(3, '0001_01_01_000002_create_jobs_table', 1),
(4, '2024_08_07_091935_create_errands_table', 1),
(5, '2024_09_06_103414_create_customers_table', 1),
(6, '2024_09_09_150542_create_errand_applications_table', 1),
(7, '2024_09_18_152927_add_cv_path_to_errand_applications_table', 1),
(8, '2024_10_17_073904_add_soft_deletes_to_errands_table', 1),
(9, '2024_10_21_190048_add_status_to_errand_applications_table', 1),
(10, '2024_10_23_175852_add_customer_id_to_errand_applications_table', 1),
(11, '2024_11_02_203808_create_errand_statuses_table', 2),
(12, '2024_11_04_150820_add_status_to_errands_table', 3);

-- --------------------------------------------------------

--
-- Table structure for table `password_reset_tokens`
--

DROP TABLE IF EXISTS `password_reset_tokens`;
CREATE TABLE IF NOT EXISTS `password_reset_tokens` (
  `email` varchar(91) COLLATE utf8mb4_unicode_ci NOT NULL,
  `token` varchar(60) COLLATE utf8mb4_unicode_ci NOT NULL,
  `created_at` timestamp NULL DEFAULT NULL,
  PRIMARY KEY (`email`)
) ENGINE=MyISAM DEFAULT CHARSET=utf8mb4 COLLATE=utf8mb4_unicode_ci;

-- --------------------------------------------------------

--
-- Table structure for table `sessions`
--

DROP TABLE IF EXISTS `sessions`;
CREATE TABLE IF NOT EXISTS `sessions` (
  `id` varchar(91) COLLATE utf8mb4_unicode_ci NOT NULL,
  `user_id` bigint UNSIGNED DEFAULT NULL,
  `ip_address` varchar(45) COLLATE utf8mb4_unicode_ci DEFAULT NULL,
  `user_agent` text COLLATE utf8mb4_unicode_ci,
  `payload` longtext COLLATE utf8mb4_unicode_ci NOT NULL,
  `last_activity` int NOT NULL,
  PRIMARY KEY (`id`),
  KEY `sessions_user_id_index` (`user_id`),
  KEY `sessions_last_activity_index` (`last_activity`)
) ENGINE=MyISAM DEFAULT CHARSET=utf8mb4 COLLATE=utf8mb4_unicode_ci;

--
-- Dumping data for table `sessions`
--

INSERT INTO `sessions` (`id`, `user_id`, `ip_address`, `user_agent`, `payload`, `last_activity`) VALUES
('NjH5CTtLv4C3uaih4AQljTRv4tRMrCE2UTqMjawy', 1, '127.0.0.1', 'Mozilla/5.0 (Windows NT 10.0; Win64; x64) AppleWebKit/537.36 (KHTML, like Gecko) Chrome/129.0.0.0 Safari/537.36', 'YTo0OntzOjY6Il90b2tlbiI7czo0MDoielQzY0pETWlJU0dIZ2JwcHVNdlY2ZURDWmdLTUk4SXpPZXBKV3FobiI7czo5OiJfcHJldmlvdXMiO2E6MTp7czozOiJ1cmwiO3M6MzE6Imh0dHA6Ly8xMjcuMC4wLjE6ODAwMC9lcnJhbmRzLzIiO31zOjY6Il9mbGFzaCI7YToyOntzOjM6Im9sZCI7YTowOnt9czozOiJuZXciO2E6MDp7fX1zOjUwOiJsb2dpbl93ZWJfNTliYTM2YWRkYzJiMmY5NDAxNTgwZjAxNGM3ZjU4ZWE0ZTMwOTg5ZCI7aToxO30=', 1730739683),
('2kiWnCBthJFr4Jx96hIMYC9OYWLXdbvW3ByergUK', NULL, '127.0.0.1', 'Mozilla/5.0 (Windows NT 10.0; Win64; x64) AppleWebKit/537.36 (KHTML, like Gecko) Chrome/129.0.0.0 Safari/537.36', 'YTo0OntzOjY6Il90b2tlbiI7czo0MDoiZkNqSWlmMjRFWHNoVVM0VzhmSmRUVU9FNGczRmlSTjFudXJNVDg1SCI7czozOiJ1cmwiO2E6MTp7czo4OiJpbnRlbmRlZCI7czozMToiaHR0cDovLzEyNy4wLjAuMTo4MDAwL2VycmFuZHMvMSI7fXM6OToiX3ByZXZpb3VzIjthOjE6e3M6MzoidXJsIjtzOjI3OiJodHRwOi8vMTI3LjAuMC4xOjgwMDAvbG9naW4iO31zOjY6Il9mbGFzaCI7YToyOntzOjM6Im9sZCI7YTowOnt9czozOiJuZXciO2E6MDp7fX19', 1730739355),
('mAZ0KIyR0qJv9X7xY6q4fXCijZuNgFm7RswufbC1', 1, '127.0.0.1', 'Mozilla/5.0 (Windows NT 10.0; Win64; x64) AppleWebKit/537.36 (KHTML, like Gecko) Chrome/129.0.0.0 Safari/537.36', 'YTo0OntzOjY6Il90b2tlbiI7czo0MDoid0dTeEdkZGROR2tOQWliZEZZcU1Wa2FndFFCaFFoSkY2SHlxYTBMViI7czo5OiJfcHJldmlvdXMiO2E6MTp7czozOiJ1cmwiO3M6NDQ6Imh0dHA6Ly8xMjcuMC4wLjE6ODAwMC9teS1lcnJhbmQtYXBwbGljYXRpb25zIjt9czo2OiJfZmxhc2giO2E6Mjp7czozOiJvbGQiO2E6MDp7fXM6MzoibmV3IjthOjA6e319czo1MDoibG9naW5fd2ViXzU5YmEzNmFkZGMyYjJmOTQwMTU4MGYwMTRjN2Y1OGVhNGUzMDk4OWQiO2k6MTt9', 1730613948),
('ryXoBISjWHj2oq5dQpe2mK6xwi86izbM8hzvhAIj', 1, '127.0.0.1', 'Mozilla/5.0 (Windows NT 10.0; Win64; x64) AppleWebKit/537.36 (KHTML, like Gecko) Chrome/129.0.0.0 Safari/537.36', 'YTo0OntzOjY6Il90b2tlbiI7czo0MDoibjkyQTgxNzMxOXpZdFVOQnFwR1o3MHdTY3Rwb0w2djlnNmp2M3FYZCI7czo5OiJfcHJldmlvdXMiO2E6MTp7czozOiJ1cmwiO3M6MzE6Imh0dHA6Ly8xMjcuMC4wLjE6ODAwMC9lcnJhbmRzLzEiO31zOjY6Il9mbGFzaCI7YToyOntzOjM6Im9sZCI7YTowOnt9czozOiJuZXciO2E6MDp7fX1zOjUwOiJsb2dpbl93ZWJfNTliYTM2YWRkYzJiMmY5NDAxNTgwZjAxNGM3ZjU4ZWE0ZTMwOTg5ZCI7aToxO30=', 1730717467);

-- --------------------------------------------------------

--
-- Table structure for table `users`
--

DROP TABLE IF EXISTS `users`;
CREATE TABLE IF NOT EXISTS `users` (
  `id` bigint UNSIGNED NOT NULL AUTO_INCREMENT,
  `name` varchar(255) COLLATE utf8mb4_unicode_ci NOT NULL,
  `email` varchar(91) COLLATE utf8mb4_unicode_ci NOT NULL,
  `email_verified_at` timestamp NULL DEFAULT NULL,
  `password` varchar(60) COLLATE utf8mb4_unicode_ci NOT NULL,
  `remember_token` varchar(100) COLLATE utf8mb4_unicode_ci DEFAULT NULL,
  `created_at` timestamp NULL DEFAULT NULL,
  `updated_at` timestamp NULL DEFAULT NULL,
  PRIMARY KEY (`id`),
  UNIQUE KEY `users_email_unique` (`email`)
) ENGINE=MyISAM AUTO_INCREMENT=303 DEFAULT CHARSET=utf8mb4 COLLATE=utf8mb4_unicode_ci;

--
-- Dumping data for table `users`
--

INSERT INTO `users` (`id`, `name`, `email`, `email_verified_at`, `password`, `remember_token`, `created_at`, `updated_at`) VALUES
(1, 'Leon Juma', 'jumaleon58@gmail.com', NULL, '$2y$12$y7PKFfrJt0abA2WAm43tc.OnT4fFoC1/4deV1As5xESb7d5wjQ03K', NULL, '2024-11-01 18:09:09', '2024-11-01 18:09:09'),
(2, 'Test User', 'test@example.com', '2024-11-04 12:15:14', '$2y$10$92IXUNpkjO0rOQ5byMi.Ye4oKoEa3Ro9llC/.og/at2.uheWG/igi', 'rurtCvU5Cu', '2024-11-04 12:15:14', '2024-11-04 12:15:14'),
(3, 'Susie Borer', 'jermey.prohaska@example.com', '2024-11-04 12:15:14', '$2y$10$92IXUNpkjO0rOQ5byMi.Ye4oKoEa3Ro9llC/.og/at2.uheWG/igi', 'dZzNMMOGaN', '2024-11-04 12:15:14', '2024-11-04 12:15:14'),
(4, 'Doug Ritchie', 'virgil41@example.com', '2024-11-04 12:15:14', '$2y$10$92IXUNpkjO0rOQ5byMi.Ye4oKoEa3Ro9llC/.og/at2.uheWG/igi', 'LCtlEnBNFH', '2024-11-04 12:15:14', '2024-11-04 12:15:14'),
(5, 'Koby Connelly PhD', 'bbalistreri@example.net', '2024-11-04 12:15:14', '$2y$10$92IXUNpkjO0rOQ5byMi.Ye4oKoEa3Ro9llC/.og/at2.uheWG/igi', 'LIZ7xrBTCQ', '2024-11-04 12:15:14', '2024-11-04 12:15:14'),
(6, 'Laurence Quitzon', 'salma26@example.com', '2024-11-04 12:15:14', '$2y$10$92IXUNpkjO0rOQ5byMi.Ye4oKoEa3Ro9llC/.og/at2.uheWG/igi', 'BvLs1GlxTO', '2024-11-04 12:15:14', '2024-11-04 12:15:14'),
(7, 'Dr. Wilber Greenholt', 'lindgren.dallas@example.com', '2024-11-04 12:15:14', '$2y$10$92IXUNpkjO0rOQ5byMi.Ye4oKoEa3Ro9llC/.og/at2.uheWG/igi', 'oO98g90i5q', '2024-11-04 12:15:14', '2024-11-04 12:15:14'),
(8, 'Casper Ullrich', 'swyman@example.net', '2024-11-04 12:15:14', '$2y$10$92IXUNpkjO0rOQ5byMi.Ye4oKoEa3Ro9llC/.og/at2.uheWG/igi', 'ZY6cm5Q2ll', '2024-11-04 12:15:14', '2024-11-04 12:15:14'),
(9, 'Pinkie Leffler', 'lubowitz.adella@example.org', '2024-11-04 12:15:14', '$2y$10$92IXUNpkjO0rOQ5byMi.Ye4oKoEa3Ro9llC/.og/at2.uheWG/igi', 'P7ynNRz9Xg', '2024-11-04 12:15:14', '2024-11-04 12:15:14'),
(10, 'Laurel Steuber', 'crooks.jenifer@example.com', '2024-11-04 12:15:14', '$2y$10$92IXUNpkjO0rOQ5byMi.Ye4oKoEa3Ro9llC/.og/at2.uheWG/igi', 'u4afeAwRlC', '2024-11-04 12:15:14', '2024-11-04 12:15:14'),
(11, 'Odell Olson', 'qschmitt@example.net', '2024-11-04 12:15:14', '$2y$10$92IXUNpkjO0rOQ5byMi.Ye4oKoEa3Ro9llC/.og/at2.uheWG/igi', 'VecCk9aNtj', '2024-11-04 12:15:14', '2024-11-04 12:15:14'),
(12, 'Zane Wuckert MD', 'ratke.sister@example.net', '2024-11-04 12:15:14', '$2y$10$92IXUNpkjO0rOQ5byMi.Ye4oKoEa3Ro9llC/.og/at2.uheWG/igi', 'KWWr6y8TZI', '2024-11-04 12:15:14', '2024-11-04 12:15:14'),
(13, 'Carter Kerluke', 'douglas.deontae@example.org', '2024-11-04 12:15:14', '$2y$10$92IXUNpkjO0rOQ5byMi.Ye4oKoEa3Ro9llC/.og/at2.uheWG/igi', '27XcbJkJxv', '2024-11-04 12:15:14', '2024-11-04 12:15:14'),
(14, 'Mr. Christ Kilback', 'wilber51@example.org', '2024-11-04 12:15:14', '$2y$10$92IXUNpkjO0rOQ5byMi.Ye4oKoEa3Ro9llC/.og/at2.uheWG/igi', '3EThLqXTBD', '2024-11-04 12:15:14', '2024-11-04 12:15:14'),
(15, 'Charles McLaughlin', 'kellen98@example.org', '2024-11-04 12:15:14', '$2y$10$92IXUNpkjO0rOQ5byMi.Ye4oKoEa3Ro9llC/.og/at2.uheWG/igi', 'isUSQ2PpVI', '2024-11-04 12:15:14', '2024-11-04 12:15:14'),
(16, 'Amya Braun III', 'rico40@example.net', '2024-11-04 12:15:14', '$2y$10$92IXUNpkjO0rOQ5byMi.Ye4oKoEa3Ro9llC/.og/at2.uheWG/igi', 'iJfWkd2L5i', '2024-11-04 12:15:14', '2024-11-04 12:15:14'),
(17, 'Kennedi Wyman', 'greyson.botsford@example.net', '2024-11-04 12:15:14', '$2y$10$92IXUNpkjO0rOQ5byMi.Ye4oKoEa3Ro9llC/.og/at2.uheWG/igi', 'mwiWPyqaFX', '2024-11-04 12:15:14', '2024-11-04 12:15:14'),
(18, 'Aliyah Weber Sr.', 'nolan.emiliano@example.org', '2024-11-04 12:15:14', '$2y$10$92IXUNpkjO0rOQ5byMi.Ye4oKoEa3Ro9llC/.og/at2.uheWG/igi', 'wrEYpQ4Bm2', '2024-11-04 12:15:14', '2024-11-04 12:15:14'),
(19, 'Alex Hoppe DDS', 'dkoelpin@example.net', '2024-11-04 12:15:14', '$2y$10$92IXUNpkjO0rOQ5byMi.Ye4oKoEa3Ro9llC/.og/at2.uheWG/igi', 'ENJbpt8aFZ', '2024-11-04 12:15:14', '2024-11-04 12:15:14'),
(20, 'Retha Pollich', 'christine.hudson@example.org', '2024-11-04 12:15:14', '$2y$10$92IXUNpkjO0rOQ5byMi.Ye4oKoEa3Ro9llC/.og/at2.uheWG/igi', 'w1HOVhWDyh', '2024-11-04 12:15:14', '2024-11-04 12:15:14'),
(21, 'Tyler Hoeger', 'charles08@example.net', '2024-11-04 12:15:14', '$2y$10$92IXUNpkjO0rOQ5byMi.Ye4oKoEa3Ro9llC/.og/at2.uheWG/igi', 'OMmdRMHLfX', '2024-11-04 12:15:14', '2024-11-04 12:15:14'),
(22, 'Prof. Amalia DuBuque', 'turner.savanna@example.com', '2024-11-04 12:15:14', '$2y$10$92IXUNpkjO0rOQ5byMi.Ye4oKoEa3Ro9llC/.og/at2.uheWG/igi', 'v60WU4ej5T', '2024-11-04 12:15:14', '2024-11-04 12:15:14'),
(23, 'Vinnie Goyette', 'tevin65@example.com', '2024-11-04 12:15:14', '$2y$10$92IXUNpkjO0rOQ5byMi.Ye4oKoEa3Ro9llC/.og/at2.uheWG/igi', 'L9hEZ4SRIP', '2024-11-04 12:15:14', '2024-11-04 12:15:14'),
(24, 'Prof. Haleigh Kuphal', 'alex06@example.com', '2024-11-04 12:15:14', '$2y$10$92IXUNpkjO0rOQ5byMi.Ye4oKoEa3Ro9llC/.og/at2.uheWG/igi', 'BciVc0zGe6', '2024-11-04 12:15:14', '2024-11-04 12:15:14'),
(25, 'Vicenta Schinner', 'pkessler@example.org', '2024-11-04 12:15:14', '$2y$10$92IXUNpkjO0rOQ5byMi.Ye4oKoEa3Ro9llC/.og/at2.uheWG/igi', 'qJURNhzHOi', '2024-11-04 12:15:14', '2024-11-04 12:15:14'),
(26, 'Adrienne Kub', 'ikirlin@example.net', '2024-11-04 12:15:14', '$2y$10$92IXUNpkjO0rOQ5byMi.Ye4oKoEa3Ro9llC/.og/at2.uheWG/igi', 'BaS6UlpxFE', '2024-11-04 12:15:14', '2024-11-04 12:15:14'),
(27, 'Mr. Edwin Ward III', 'otto51@example.net', '2024-11-04 12:15:14', '$2y$10$92IXUNpkjO0rOQ5byMi.Ye4oKoEa3Ro9llC/.og/at2.uheWG/igi', 'UdR6P9eYpb', '2024-11-04 12:15:14', '2024-11-04 12:15:14'),
(28, 'Dr. Lee Kilback', 'myrl98@example.com', '2024-11-04 12:15:14', '$2y$10$92IXUNpkjO0rOQ5byMi.Ye4oKoEa3Ro9llC/.og/at2.uheWG/igi', 'VywJlYjGJ0', '2024-11-04 12:15:14', '2024-11-04 12:15:14'),
(29, 'Antwon Reinger', 'marley54@example.org', '2024-11-04 12:15:14', '$2y$10$92IXUNpkjO0rOQ5byMi.Ye4oKoEa3Ro9llC/.og/at2.uheWG/igi', 'sfVUgCJK49', '2024-11-04 12:15:14', '2024-11-04 12:15:14'),
(30, 'Prof. Milton Romaguera IV', 'brandy.swaniawski@example.org', '2024-11-04 12:15:14', '$2y$10$92IXUNpkjO0rOQ5byMi.Ye4oKoEa3Ro9llC/.og/at2.uheWG/igi', '34r9g1Tdej', '2024-11-04 12:15:14', '2024-11-04 12:15:14'),
(31, 'Destiny Koepp', 'olga.ziemann@example.net', '2024-11-04 12:15:14', '$2y$10$92IXUNpkjO0rOQ5byMi.Ye4oKoEa3Ro9llC/.og/at2.uheWG/igi', 'oUpvnyvImo', '2024-11-04 12:15:14', '2024-11-04 12:15:14'),
(32, 'Tina Hills', 'hgrant@example.net', '2024-11-04 12:15:14', '$2y$10$92IXUNpkjO0rOQ5byMi.Ye4oKoEa3Ro9llC/.og/at2.uheWG/igi', 'vKs5TRpTBV', '2024-11-04 12:15:14', '2024-11-04 12:15:14'),
(33, 'Carissa Fisher', 'hugh.gorczany@example.org', '2024-11-04 12:15:14', '$2y$10$92IXUNpkjO0rOQ5byMi.Ye4oKoEa3Ro9llC/.og/at2.uheWG/igi', 'IGCEymHG90', '2024-11-04 12:15:14', '2024-11-04 12:15:14'),
(34, 'Mr. Gardner Ritchie', 'daniel.theresa@example.com', '2024-11-04 12:15:14', '$2y$10$92IXUNpkjO0rOQ5byMi.Ye4oKoEa3Ro9llC/.og/at2.uheWG/igi', '8v9cOCehkI', '2024-11-04 12:15:14', '2024-11-04 12:15:14'),
(35, 'Lempi Morissette', 'leora.larson@example.org', '2024-11-04 12:15:14', '$2y$10$92IXUNpkjO0rOQ5byMi.Ye4oKoEa3Ro9llC/.og/at2.uheWG/igi', '5SbOPkXglf', '2024-11-04 12:15:14', '2024-11-04 12:15:14'),
(36, 'Bella Keeling', 'hallie13@example.com', '2024-11-04 12:15:14', '$2y$10$92IXUNpkjO0rOQ5byMi.Ye4oKoEa3Ro9llC/.og/at2.uheWG/igi', 'SnzyeOp5R5', '2024-11-04 12:15:14', '2024-11-04 12:15:14'),
(37, 'Erna Aufderhar PhD', 'aurelia.towne@example.com', '2024-11-04 12:15:14', '$2y$10$92IXUNpkjO0rOQ5byMi.Ye4oKoEa3Ro9llC/.og/at2.uheWG/igi', 'Ar5U61CDFG', '2024-11-04 12:15:14', '2024-11-04 12:15:14'),
(38, 'Dr. German Torp', 'qbernier@example.com', '2024-11-04 12:15:14', '$2y$10$92IXUNpkjO0rOQ5byMi.Ye4oKoEa3Ro9llC/.og/at2.uheWG/igi', 'WqHVT39sLt', '2024-11-04 12:15:14', '2024-11-04 12:15:14'),
(39, 'Prof. Norma Lockman', 'raven94@example.net', '2024-11-04 12:15:14', '$2y$10$92IXUNpkjO0rOQ5byMi.Ye4oKoEa3Ro9llC/.og/at2.uheWG/igi', 'h0D4FDxY2I', '2024-11-04 12:15:14', '2024-11-04 12:15:14'),
(40, 'Miss Alayna Olson Sr.', 'jweissnat@example.org', '2024-11-04 12:15:14', '$2y$10$92IXUNpkjO0rOQ5byMi.Ye4oKoEa3Ro9llC/.og/at2.uheWG/igi', '2XHVmPAB9K', '2024-11-04 12:15:14', '2024-11-04 12:15:14'),
(41, 'Jaylin Hahn', 'lucious.swift@example.net', '2024-11-04 12:15:14', '$2y$10$92IXUNpkjO0rOQ5byMi.Ye4oKoEa3Ro9llC/.og/at2.uheWG/igi', 'drA5ZtGSEb', '2024-11-04 12:15:14', '2024-11-04 12:15:14'),
(42, 'Sunny Quitzon', 'lthiel@example.com', '2024-11-04 12:15:14', '$2y$10$92IXUNpkjO0rOQ5byMi.Ye4oKoEa3Ro9llC/.og/at2.uheWG/igi', 'kIC7kcoBrR', '2024-11-04 12:15:14', '2024-11-04 12:15:14'),
(43, 'Theo Bauch', 'demarcus02@example.com', '2024-11-04 12:15:14', '$2y$10$92IXUNpkjO0rOQ5byMi.Ye4oKoEa3Ro9llC/.og/at2.uheWG/igi', 'MYj8q92qf7', '2024-11-04 12:15:14', '2024-11-04 12:15:14'),
(44, 'Breanne Kertzmann', 'emelia95@example.net', '2024-11-04 12:15:14', '$2y$10$92IXUNpkjO0rOQ5byMi.Ye4oKoEa3Ro9llC/.og/at2.uheWG/igi', 'tnzcl67UZW', '2024-11-04 12:15:14', '2024-11-04 12:15:14'),
(45, 'Raleigh Windler', 'ggerhold@example.org', '2024-11-04 12:15:14', '$2y$10$92IXUNpkjO0rOQ5byMi.Ye4oKoEa3Ro9llC/.og/at2.uheWG/igi', 'qYXTIa79QH', '2024-11-04 12:15:14', '2024-11-04 12:15:14'),
(46, 'Laney Wuckert', 'douglas.everardo@example.org', '2024-11-04 12:15:14', '$2y$10$92IXUNpkjO0rOQ5byMi.Ye4oKoEa3Ro9llC/.og/at2.uheWG/igi', 'SpNtMVGQqV', '2024-11-04 12:15:14', '2024-11-04 12:15:14'),
(47, 'Caleb Senger Sr.', 'jupton@example.com', '2024-11-04 12:15:14', '$2y$10$92IXUNpkjO0rOQ5byMi.Ye4oKoEa3Ro9llC/.og/at2.uheWG/igi', 'PHwjJlHUIm', '2024-11-04 12:15:14', '2024-11-04 12:15:14'),
(48, 'Vernice Stamm', 'ashley48@example.org', '2024-11-04 12:15:14', '$2y$10$92IXUNpkjO0rOQ5byMi.Ye4oKoEa3Ro9llC/.og/at2.uheWG/igi', 'B5UrJLkBPw', '2024-11-04 12:15:14', '2024-11-04 12:15:14'),
(49, 'Constance Nienow', 'eugenia.leannon@example.net', '2024-11-04 12:15:14', '$2y$10$92IXUNpkjO0rOQ5byMi.Ye4oKoEa3Ro9llC/.og/at2.uheWG/igi', 'yaYDCZKYkC', '2024-11-04 12:15:14', '2024-11-04 12:15:14'),
(50, 'Drake Mueller', 'germaine.ziemann@example.com', '2024-11-04 12:15:14', '$2y$10$92IXUNpkjO0rOQ5byMi.Ye4oKoEa3Ro9llC/.og/at2.uheWG/igi', 'zC2B1xviau', '2024-11-04 12:15:14', '2024-11-04 12:15:14'),
(51, 'Ms. Jada Mraz III', 'edwin.kertzmann@example.com', '2024-11-04 12:15:14', '$2y$10$92IXUNpkjO0rOQ5byMi.Ye4oKoEa3Ro9llC/.og/at2.uheWG/igi', 'cp85bxq94v', '2024-11-04 12:15:14', '2024-11-04 12:15:14'),
(52, 'Damien Blick', 'halvorson.jane@example.com', '2024-11-04 12:15:14', '$2y$10$92IXUNpkjO0rOQ5byMi.Ye4oKoEa3Ro9llC/.og/at2.uheWG/igi', 'u5IluCAfAd', '2024-11-04 12:15:14', '2024-11-04 12:15:14'),
(53, 'Effie Ullrich', 'heber59@example.net', '2024-11-04 12:15:14', '$2y$10$92IXUNpkjO0rOQ5byMi.Ye4oKoEa3Ro9llC/.og/at2.uheWG/igi', 'O3ysUem5m2', '2024-11-04 12:15:14', '2024-11-04 12:15:14'),
(54, 'Alexa Crist', 'watsica.yesenia@example.net', '2024-11-04 12:15:14', '$2y$10$92IXUNpkjO0rOQ5byMi.Ye4oKoEa3Ro9llC/.og/at2.uheWG/igi', '4BqohL3CLx', '2024-11-04 12:15:14', '2024-11-04 12:15:14'),
(55, 'Haylie Howell', 'harvey.josiah@example.net', '2024-11-04 12:15:14', '$2y$10$92IXUNpkjO0rOQ5byMi.Ye4oKoEa3Ro9llC/.og/at2.uheWG/igi', 'fLCUCTnOSk', '2024-11-04 12:15:14', '2024-11-04 12:15:14'),
(56, 'Dr. Forest Gibson DDS', 'yundt.dakota@example.org', '2024-11-04 12:15:14', '$2y$10$92IXUNpkjO0rOQ5byMi.Ye4oKoEa3Ro9llC/.og/at2.uheWG/igi', 'sATg25EBIa', '2024-11-04 12:15:14', '2024-11-04 12:15:14'),
(57, 'Seamus Douglas', 'arno03@example.org', '2024-11-04 12:15:14', '$2y$10$92IXUNpkjO0rOQ5byMi.Ye4oKoEa3Ro9llC/.og/at2.uheWG/igi', 'TUWp44YaTW', '2024-11-04 12:15:14', '2024-11-04 12:15:14'),
(58, 'Ms. Ivah Skiles', 'tressie.parisian@example.org', '2024-11-04 12:15:14', '$2y$10$92IXUNpkjO0rOQ5byMi.Ye4oKoEa3Ro9llC/.og/at2.uheWG/igi', 'wZaNmpEej7', '2024-11-04 12:15:14', '2024-11-04 12:15:14'),
(59, 'Kayla Purdy MD', 'afranecki@example.com', '2024-11-04 12:15:14', '$2y$10$92IXUNpkjO0rOQ5byMi.Ye4oKoEa3Ro9llC/.og/at2.uheWG/igi', 'h6NL3XX5DE', '2024-11-04 12:15:14', '2024-11-04 12:15:14'),
(60, 'Mr. Barry Skiles', 'omurphy@example.com', '2024-11-04 12:15:14', '$2y$10$92IXUNpkjO0rOQ5byMi.Ye4oKoEa3Ro9llC/.og/at2.uheWG/igi', 'WJd8lXOWa4', '2024-11-04 12:15:14', '2024-11-04 12:15:14'),
(61, 'Arno Quigley II', 'delilah.funk@example.net', '2024-11-04 12:15:14', '$2y$10$92IXUNpkjO0rOQ5byMi.Ye4oKoEa3Ro9llC/.og/at2.uheWG/igi', 'dWRTMvovVT', '2024-11-04 12:15:14', '2024-11-04 12:15:14'),
(62, 'Kaden Sporer', 'destinee.lang@example.org', '2024-11-04 12:15:14', '$2y$10$92IXUNpkjO0rOQ5byMi.Ye4oKoEa3Ro9llC/.og/at2.uheWG/igi', 'r3V7aShHG1', '2024-11-04 12:15:14', '2024-11-04 12:15:14'),
(63, 'Mrs. Haylie Weissnat', 'oleta.koelpin@example.com', '2024-11-04 12:15:14', '$2y$10$92IXUNpkjO0rOQ5byMi.Ye4oKoEa3Ro9llC/.og/at2.uheWG/igi', 'v5sUwXtw4S', '2024-11-04 12:15:14', '2024-11-04 12:15:14'),
(64, 'Wilhelmine Upton MD', 'camylle22@example.net', '2024-11-04 12:15:14', '$2y$10$92IXUNpkjO0rOQ5byMi.Ye4oKoEa3Ro9llC/.og/at2.uheWG/igi', 'cxmxebGpkk', '2024-11-04 12:15:14', '2024-11-04 12:15:14'),
(65, 'Cathy Sawayn', 'tmann@example.net', '2024-11-04 12:15:14', '$2y$10$92IXUNpkjO0rOQ5byMi.Ye4oKoEa3Ro9llC/.og/at2.uheWG/igi', 'djIF2gO9bk', '2024-11-04 12:15:14', '2024-11-04 12:15:14'),
(66, 'Kris Klein', 'vincenzo.larson@example.com', '2024-11-04 12:15:14', '$2y$10$92IXUNpkjO0rOQ5byMi.Ye4oKoEa3Ro9llC/.og/at2.uheWG/igi', 'TcgytKafjX', '2024-11-04 12:15:14', '2024-11-04 12:15:14'),
(67, 'Mr. Noel Effertz Jr.', 'frankie.farrell@example.org', '2024-11-04 12:15:14', '$2y$10$92IXUNpkjO0rOQ5byMi.Ye4oKoEa3Ro9llC/.og/at2.uheWG/igi', 'sC3VPOoRLK', '2024-11-04 12:15:14', '2024-11-04 12:15:14'),
(68, 'Reid Gorczany', 'jordon65@example.org', '2024-11-04 12:15:14', '$2y$10$92IXUNpkjO0rOQ5byMi.Ye4oKoEa3Ro9llC/.og/at2.uheWG/igi', 'nWiSoKcyKX', '2024-11-04 12:15:14', '2024-11-04 12:15:14'),
(69, 'Helen Zulauf', 'mariela.stanton@example.net', '2024-11-04 12:15:14', '$2y$10$92IXUNpkjO0rOQ5byMi.Ye4oKoEa3Ro9llC/.og/at2.uheWG/igi', '2wCPQ1R4YT', '2024-11-04 12:15:14', '2024-11-04 12:15:14'),
(70, 'Mrs. Herta Toy IV', 'boehm.susan@example.com', '2024-11-04 12:15:14', '$2y$10$92IXUNpkjO0rOQ5byMi.Ye4oKoEa3Ro9llC/.og/at2.uheWG/igi', 'LbUbQRbRJN', '2024-11-04 12:15:14', '2024-11-04 12:15:14'),
(71, 'Elody Auer', 'xkiehn@example.net', '2024-11-04 12:15:14', '$2y$10$92IXUNpkjO0rOQ5byMi.Ye4oKoEa3Ro9llC/.og/at2.uheWG/igi', '4sO7Y5SBcj', '2024-11-04 12:15:14', '2024-11-04 12:15:14'),
(72, 'Dr. Alfonzo Sipes', 'kkuhic@example.net', '2024-11-04 12:15:14', '$2y$10$92IXUNpkjO0rOQ5byMi.Ye4oKoEa3Ro9llC/.og/at2.uheWG/igi', 'Lhq6HbYlxT', '2024-11-04 12:15:14', '2024-11-04 12:15:14'),
(73, 'Lizeth Tremblay', 'harold30@example.com', '2024-11-04 12:15:14', '$2y$10$92IXUNpkjO0rOQ5byMi.Ye4oKoEa3Ro9llC/.og/at2.uheWG/igi', 'yYQZ5nKGfi', '2024-11-04 12:15:14', '2024-11-04 12:15:14'),
(74, 'Eldon Koch', 'medhurst.missouri@example.org', '2024-11-04 12:15:14', '$2y$10$92IXUNpkjO0rOQ5byMi.Ye4oKoEa3Ro9llC/.og/at2.uheWG/igi', 'D17nChrZvr', '2024-11-04 12:15:14', '2024-11-04 12:15:14'),
(75, 'Dr. Audreanne Stroman III', 'shawn.breitenberg@example.net', '2024-11-04 12:15:14', '$2y$10$92IXUNpkjO0rOQ5byMi.Ye4oKoEa3Ro9llC/.og/at2.uheWG/igi', 'V0MRj6enKs', '2024-11-04 12:15:14', '2024-11-04 12:15:14'),
(76, 'Kay Botsford', 'huels.mireille@example.com', '2024-11-04 12:15:14', '$2y$10$92IXUNpkjO0rOQ5byMi.Ye4oKoEa3Ro9llC/.og/at2.uheWG/igi', '8cjzBFdHpl', '2024-11-04 12:15:14', '2024-11-04 12:15:14'),
(77, 'Keara Altenwerth', 'lura81@example.org', '2024-11-04 12:15:14', '$2y$10$92IXUNpkjO0rOQ5byMi.Ye4oKoEa3Ro9llC/.og/at2.uheWG/igi', 'SoJBrLmmwx', '2024-11-04 12:15:14', '2024-11-04 12:15:14'),
(78, 'Delbert Botsford', 'effertz.jeffery@example.org', '2024-11-04 12:15:14', '$2y$10$92IXUNpkjO0rOQ5byMi.Ye4oKoEa3Ro9llC/.og/at2.uheWG/igi', 'ukZLI9RBhr', '2024-11-04 12:15:14', '2024-11-04 12:15:14'),
(79, 'Jameson Gulgowski', 'block.zella@example.org', '2024-11-04 12:15:14', '$2y$10$92IXUNpkjO0rOQ5byMi.Ye4oKoEa3Ro9llC/.og/at2.uheWG/igi', 'cZZScV2j1L', '2024-11-04 12:15:14', '2024-11-04 12:15:14'),
(80, 'Dr. Hassan Mante', 'camren.balistreri@example.org', '2024-11-04 12:15:14', '$2y$10$92IXUNpkjO0rOQ5byMi.Ye4oKoEa3Ro9llC/.og/at2.uheWG/igi', '9M9J7MG3HL', '2024-11-04 12:15:14', '2024-11-04 12:15:14'),
(81, 'Grayce Denesik', 'arnulfo09@example.net', '2024-11-04 12:15:14', '$2y$10$92IXUNpkjO0rOQ5byMi.Ye4oKoEa3Ro9llC/.og/at2.uheWG/igi', 'Zl7MiURhfN', '2024-11-04 12:15:14', '2024-11-04 12:15:14'),
(82, 'Edward Bosco', 'jmitchell@example.com', '2024-11-04 12:15:14', '$2y$10$92IXUNpkjO0rOQ5byMi.Ye4oKoEa3Ro9llC/.og/at2.uheWG/igi', 'SSDuMzsqF1', '2024-11-04 12:15:14', '2024-11-04 12:15:14'),
(83, 'Claude Becker I', 'ffahey@example.net', '2024-11-04 12:15:14', '$2y$10$92IXUNpkjO0rOQ5byMi.Ye4oKoEa3Ro9llC/.og/at2.uheWG/igi', 'nEZTQi7DsT', '2024-11-04 12:15:14', '2024-11-04 12:15:14'),
(84, 'Ms. Oleta Sawayn', 'nathanial.kuhlman@example.com', '2024-11-04 12:15:14', '$2y$10$92IXUNpkjO0rOQ5byMi.Ye4oKoEa3Ro9llC/.og/at2.uheWG/igi', 'QB9MiqfkL2', '2024-11-04 12:15:14', '2024-11-04 12:15:14'),
(85, 'Tanya Morar', 'rlemke@example.net', '2024-11-04 12:15:14', '$2y$10$92IXUNpkjO0rOQ5byMi.Ye4oKoEa3Ro9llC/.og/at2.uheWG/igi', 'B6lAEdjXHO', '2024-11-04 12:15:14', '2024-11-04 12:15:14'),
(86, 'Amparo Bayer', 'qjast@example.org', '2024-11-04 12:15:14', '$2y$10$92IXUNpkjO0rOQ5byMi.Ye4oKoEa3Ro9llC/.og/at2.uheWG/igi', 'uKfXVLvmPO', '2024-11-04 12:15:14', '2024-11-04 12:15:14'),
(87, 'Brady Daniel', 'hbreitenberg@example.net', '2024-11-04 12:15:14', '$2y$10$92IXUNpkjO0rOQ5byMi.Ye4oKoEa3Ro9llC/.og/at2.uheWG/igi', 'YnMarWCItF', '2024-11-04 12:15:14', '2024-11-04 12:15:14'),
(88, 'Queen Balistreri', 'erling62@example.com', '2024-11-04 12:15:14', '$2y$10$92IXUNpkjO0rOQ5byMi.Ye4oKoEa3Ro9llC/.og/at2.uheWG/igi', 'FudPKOLpXD', '2024-11-04 12:15:14', '2024-11-04 12:15:14'),
(89, 'Bonnie Becker', 'xrosenbaum@example.net', '2024-11-04 12:15:14', '$2y$10$92IXUNpkjO0rOQ5byMi.Ye4oKoEa3Ro9llC/.og/at2.uheWG/igi', '8KahhXdrnH', '2024-11-04 12:15:14', '2024-11-04 12:15:14'),
(90, 'Krystina Aufderhar MD', 'doyle.delbert@example.com', '2024-11-04 12:15:14', '$2y$10$92IXUNpkjO0rOQ5byMi.Ye4oKoEa3Ro9llC/.og/at2.uheWG/igi', 'zJ4Y8cE01K', '2024-11-04 12:15:14', '2024-11-04 12:15:14'),
(91, 'Lilly Carroll', 'joyce.daniel@example.net', '2024-11-04 12:15:14', '$2y$10$92IXUNpkjO0rOQ5byMi.Ye4oKoEa3Ro9llC/.og/at2.uheWG/igi', 'Kul5W3PpUe', '2024-11-04 12:15:14', '2024-11-04 12:15:14'),
(92, 'Lucy Bernier', 'ikoss@example.com', '2024-11-04 12:15:14', '$2y$10$92IXUNpkjO0rOQ5byMi.Ye4oKoEa3Ro9llC/.og/at2.uheWG/igi', 'zLVbzmnrZP', '2024-11-04 12:15:14', '2024-11-04 12:15:14'),
(93, 'Keenan Senger V', 'barbara93@example.com', '2024-11-04 12:15:14', '$2y$10$92IXUNpkjO0rOQ5byMi.Ye4oKoEa3Ro9llC/.og/at2.uheWG/igi', 'XogKasdJa7', '2024-11-04 12:15:14', '2024-11-04 12:15:14'),
(94, 'Kelton Beatty', 'dlind@example.net', '2024-11-04 12:15:14', '$2y$10$92IXUNpkjO0rOQ5byMi.Ye4oKoEa3Ro9llC/.og/at2.uheWG/igi', 'nLW8s9mLob', '2024-11-04 12:15:14', '2024-11-04 12:15:14'),
(95, 'Mrs. Sydni Konopelski Jr.', 'khodkiewicz@example.com', '2024-11-04 12:15:14', '$2y$10$92IXUNpkjO0rOQ5byMi.Ye4oKoEa3Ro9llC/.og/at2.uheWG/igi', 'jfyJZVogif', '2024-11-04 12:15:14', '2024-11-04 12:15:14'),
(96, 'Enos Harris DVM', 'gohara@example.net', '2024-11-04 12:15:14', '$2y$10$92IXUNpkjO0rOQ5byMi.Ye4oKoEa3Ro9llC/.og/at2.uheWG/igi', 'Wj0R2q5gNW', '2024-11-04 12:15:14', '2024-11-04 12:15:14'),
(97, 'Duncan Dickinson', 'pearl.leannon@example.com', '2024-11-04 12:15:14', '$2y$10$92IXUNpkjO0rOQ5byMi.Ye4oKoEa3Ro9llC/.og/at2.uheWG/igi', '61OjFTABsM', '2024-11-04 12:15:14', '2024-11-04 12:15:14'),
(98, 'Cassandra Doyle', 'holden.walsh@example.org', '2024-11-04 12:15:14', '$2y$10$92IXUNpkjO0rOQ5byMi.Ye4oKoEa3Ro9llC/.og/at2.uheWG/igi', 'wmm3uc20rO', '2024-11-04 12:15:14', '2024-11-04 12:15:14'),
(99, 'Prof. Rex Fisher', 'maia.luettgen@example.org', '2024-11-04 12:15:14', '$2y$10$92IXUNpkjO0rOQ5byMi.Ye4oKoEa3Ro9llC/.og/at2.uheWG/igi', '8RmTSkeLOB', '2024-11-04 12:15:14', '2024-11-04 12:15:14'),
(100, 'Zola Weissnat', 'dawson54@example.net', '2024-11-04 12:15:14', '$2y$10$92IXUNpkjO0rOQ5byMi.Ye4oKoEa3Ro9llC/.og/at2.uheWG/igi', 'W3xKo2RgW9', '2024-11-04 12:15:14', '2024-11-04 12:15:14'),
(101, 'Violet Kiehn', 'vonrueden.allie@example.com', '2024-11-04 12:15:14', '$2y$10$92IXUNpkjO0rOQ5byMi.Ye4oKoEa3Ro9llC/.og/at2.uheWG/igi', 'iRj04fXKkw', '2024-11-04 12:15:14', '2024-11-04 12:15:14'),
(102, 'Prof. Jonathon Jones', 'mina.okuneva@example.net', '2024-11-04 12:15:14', '$2y$10$92IXUNpkjO0rOQ5byMi.Ye4oKoEa3Ro9llC/.og/at2.uheWG/igi', 'Et4gHB6VpJ', '2024-11-04 12:15:14', '2024-11-04 12:15:14'),
(103, 'Breanna Hirthe', 'yvonne82@example.org', '2024-11-04 12:15:14', '$2y$10$92IXUNpkjO0rOQ5byMi.Ye4oKoEa3Ro9llC/.og/at2.uheWG/igi', '2ncHRssPHZ', '2024-11-04 12:15:14', '2024-11-04 12:15:14'),
(104, 'Candace Boyle', 'kshlerin.maymie@example.com', '2024-11-04 12:15:14', '$2y$10$92IXUNpkjO0rOQ5byMi.Ye4oKoEa3Ro9llC/.og/at2.uheWG/igi', 'GZ95FgFh3B', '2024-11-04 12:15:14', '2024-11-04 12:15:14'),
(105, 'Ena Witting PhD', 'graham.goodwin@example.net', '2024-11-04 12:15:14', '$2y$10$92IXUNpkjO0rOQ5byMi.Ye4oKoEa3Ro9llC/.og/at2.uheWG/igi', 'pgazrMNxXN', '2024-11-04 12:15:14', '2024-11-04 12:15:14'),
(106, 'Tyra Quitzon', 'boyer.tomasa@example.net', '2024-11-04 12:15:14', '$2y$10$92IXUNpkjO0rOQ5byMi.Ye4oKoEa3Ro9llC/.og/at2.uheWG/igi', 'fZLVEs5Gsy', '2024-11-04 12:15:14', '2024-11-04 12:15:14'),
(107, 'Dr. Leila Kreiger II', 'bria.goodwin@example.net', '2024-11-04 12:15:14', '$2y$10$92IXUNpkjO0rOQ5byMi.Ye4oKoEa3Ro9llC/.og/at2.uheWG/igi', 'POMCfCSNc5', '2024-11-04 12:15:14', '2024-11-04 12:15:14'),
(108, 'Llewellyn West', 'daisha.mohr@example.org', '2024-11-04 12:15:14', '$2y$10$92IXUNpkjO0rOQ5byMi.Ye4oKoEa3Ro9llC/.og/at2.uheWG/igi', 'ayLzgTHrlJ', '2024-11-04 12:15:14', '2024-11-04 12:15:14'),
(109, 'Graham Williamson V', 'mcglynn.zechariah@example.net', '2024-11-04 12:15:14', '$2y$10$92IXUNpkjO0rOQ5byMi.Ye4oKoEa3Ro9llC/.og/at2.uheWG/igi', 'AeOJ3YOdSq', '2024-11-04 12:15:14', '2024-11-04 12:15:14'),
(110, 'Marjolaine Kuphal', 'thiel.elliot@example.net', '2024-11-04 12:15:14', '$2y$10$92IXUNpkjO0rOQ5byMi.Ye4oKoEa3Ro9llC/.og/at2.uheWG/igi', 'iGu1ggtxeP', '2024-11-04 12:15:14', '2024-11-04 12:15:14'),
(111, 'Prof. Oral Vandervort', 'giovanni.beatty@example.com', '2024-11-04 12:15:14', '$2y$10$92IXUNpkjO0rOQ5byMi.Ye4oKoEa3Ro9llC/.og/at2.uheWG/igi', 'qtsCWU4uBT', '2024-11-04 12:15:14', '2024-11-04 12:15:14'),
(112, 'Sigurd Stehr', 'xkozey@example.com', '2024-11-04 12:15:14', '$2y$10$92IXUNpkjO0rOQ5byMi.Ye4oKoEa3Ro9llC/.og/at2.uheWG/igi', 'vDW7ZFSPFP', '2024-11-04 12:15:14', '2024-11-04 12:15:14'),
(113, 'Dolores Hauck', 'orice@example.com', '2024-11-04 12:15:14', '$2y$10$92IXUNpkjO0rOQ5byMi.Ye4oKoEa3Ro9llC/.og/at2.uheWG/igi', 'iHQ9oNDKnh', '2024-11-04 12:15:14', '2024-11-04 12:15:14'),
(114, 'Marcella Bartoletti', 'shemar.shanahan@example.net', '2024-11-04 12:15:14', '$2y$10$92IXUNpkjO0rOQ5byMi.Ye4oKoEa3Ro9llC/.og/at2.uheWG/igi', 'rRsCBa7JiV', '2024-11-04 12:15:14', '2024-11-04 12:15:14'),
(115, 'Katlyn Wolf DDS', 'nelson15@example.com', '2024-11-04 12:15:14', '$2y$10$92IXUNpkjO0rOQ5byMi.Ye4oKoEa3Ro9llC/.og/at2.uheWG/igi', 'mIefS3e4tZ', '2024-11-04 12:15:14', '2024-11-04 12:15:14'),
(116, 'Elouise Beatty', 'wglover@example.com', '2024-11-04 12:15:14', '$2y$10$92IXUNpkjO0rOQ5byMi.Ye4oKoEa3Ro9llC/.og/at2.uheWG/igi', '6DOPdarXe0', '2024-11-04 12:15:14', '2024-11-04 12:15:14'),
(117, 'Niko Wisoky', 'zsmith@example.net', '2024-11-04 12:15:14', '$2y$10$92IXUNpkjO0rOQ5byMi.Ye4oKoEa3Ro9llC/.og/at2.uheWG/igi', 'mVRQv3OIHE', '2024-11-04 12:15:14', '2024-11-04 12:15:14'),
(118, 'Elisa Kshlerin', 'burdette21@example.org', '2024-11-04 12:15:14', '$2y$10$92IXUNpkjO0rOQ5byMi.Ye4oKoEa3Ro9llC/.og/at2.uheWG/igi', 'wy0HQbuomH', '2024-11-04 12:15:14', '2024-11-04 12:15:14'),
(119, 'Lauryn Koepp Sr.', 'maida.stiedemann@example.net', '2024-11-04 12:15:14', '$2y$10$92IXUNpkjO0rOQ5byMi.Ye4oKoEa3Ro9llC/.og/at2.uheWG/igi', 'xkRd8USMlw', '2024-11-04 12:15:14', '2024-11-04 12:15:14'),
(120, 'Assunta Jones', 'qlegros@example.org', '2024-11-04 12:15:14', '$2y$10$92IXUNpkjO0rOQ5byMi.Ye4oKoEa3Ro9llC/.og/at2.uheWG/igi', 'NW3heyhsOe', '2024-11-04 12:15:14', '2024-11-04 12:15:14'),
(121, 'Griffin Littel', 'gerda.gaylord@example.net', '2024-11-04 12:15:14', '$2y$10$92IXUNpkjO0rOQ5byMi.Ye4oKoEa3Ro9llC/.og/at2.uheWG/igi', '4ZbjquK6jf', '2024-11-04 12:15:14', '2024-11-04 12:15:14'),
(122, 'Miss Margot Walker', 'jasen.torphy@example.com', '2024-11-04 12:15:14', '$2y$10$92IXUNpkjO0rOQ5byMi.Ye4oKoEa3Ro9llC/.og/at2.uheWG/igi', 'In5qvvJR4h', '2024-11-04 12:15:14', '2024-11-04 12:15:14'),
(123, 'Olga Wiza', 'margie.senger@example.com', '2024-11-04 12:15:14', '$2y$10$92IXUNpkjO0rOQ5byMi.Ye4oKoEa3Ro9llC/.og/at2.uheWG/igi', 'eEdR6tcFLY', '2024-11-04 12:15:14', '2024-11-04 12:15:14'),
(124, 'Sammie Mante', 'schamberger.christy@example.com', '2024-11-04 12:15:14', '$2y$10$92IXUNpkjO0rOQ5byMi.Ye4oKoEa3Ro9llC/.og/at2.uheWG/igi', 'C5lctjcaBi', '2024-11-04 12:15:14', '2024-11-04 12:15:14'),
(125, 'Mr. Shaun Dare', 'felicity.kertzmann@example.net', '2024-11-04 12:15:14', '$2y$10$92IXUNpkjO0rOQ5byMi.Ye4oKoEa3Ro9llC/.og/at2.uheWG/igi', 'VNNVkhdWBC', '2024-11-04 12:15:14', '2024-11-04 12:15:14'),
(126, 'Maud Spinka', 'hayes.sarai@example.net', '2024-11-04 12:15:14', '$2y$10$92IXUNpkjO0rOQ5byMi.Ye4oKoEa3Ro9llC/.og/at2.uheWG/igi', 'leJ7HJvjJ4', '2024-11-04 12:15:14', '2024-11-04 12:15:14'),
(127, 'Jeanie Schiller', 'graham.jeffrey@example.com', '2024-11-04 12:15:14', '$2y$10$92IXUNpkjO0rOQ5byMi.Ye4oKoEa3Ro9llC/.og/at2.uheWG/igi', 'kEvxobgyzx', '2024-11-04 12:15:14', '2024-11-04 12:15:14'),
(128, 'Dorothea Eichmann', 'mgoodwin@example.net', '2024-11-04 12:15:14', '$2y$10$92IXUNpkjO0rOQ5byMi.Ye4oKoEa3Ro9llC/.og/at2.uheWG/igi', 'PQcJzbjx5U', '2024-11-04 12:15:14', '2024-11-04 12:15:14'),
(129, 'Florian Simonis', 'dadams@example.com', '2024-11-04 12:15:14', '$2y$10$92IXUNpkjO0rOQ5byMi.Ye4oKoEa3Ro9llC/.og/at2.uheWG/igi', 'TpLYlY1nri', '2024-11-04 12:15:14', '2024-11-04 12:15:14'),
(130, 'Mr. Beau Champlin Sr.', 'percival71@example.org', '2024-11-04 12:15:14', '$2y$10$92IXUNpkjO0rOQ5byMi.Ye4oKoEa3Ro9llC/.og/at2.uheWG/igi', 'fexiAHZYmy', '2024-11-04 12:15:14', '2024-11-04 12:15:14'),
(131, 'Calista Cruickshank', 'may98@example.org', '2024-11-04 12:15:14', '$2y$10$92IXUNpkjO0rOQ5byMi.Ye4oKoEa3Ro9llC/.og/at2.uheWG/igi', 'X8bZvqp9qL', '2024-11-04 12:15:14', '2024-11-04 12:15:14'),
(132, 'Dr. Mekhi Fahey', 'hhackett@example.org', '2024-11-04 12:15:14', '$2y$10$92IXUNpkjO0rOQ5byMi.Ye4oKoEa3Ro9llC/.og/at2.uheWG/igi', 'HwY5fs8zed', '2024-11-04 12:15:14', '2024-11-04 12:15:14'),
(133, 'Dr. Ashly Kutch', 'alda70@example.net', '2024-11-04 12:15:14', '$2y$10$92IXUNpkjO0rOQ5byMi.Ye4oKoEa3Ro9llC/.og/at2.uheWG/igi', '6L5bkMpjMv', '2024-11-04 12:15:14', '2024-11-04 12:15:14'),
(134, 'Camden Halvorson', 'ohara.alfredo@example.com', '2024-11-04 12:15:14', '$2y$10$92IXUNpkjO0rOQ5byMi.Ye4oKoEa3Ro9llC/.og/at2.uheWG/igi', '8lZnpWsaDZ', '2024-11-04 12:15:14', '2024-11-04 12:15:14'),
(135, 'Gladyce Gaylord', 'rau.juliana@example.com', '2024-11-04 12:15:14', '$2y$10$92IXUNpkjO0rOQ5byMi.Ye4oKoEa3Ro9llC/.og/at2.uheWG/igi', 'OWhMKrYepT', '2024-11-04 12:15:14', '2024-11-04 12:15:14'),
(136, 'Vicente Jakubowski PhD', 'kathryn.schumm@example.net', '2024-11-04 12:15:14', '$2y$10$92IXUNpkjO0rOQ5byMi.Ye4oKoEa3Ro9llC/.og/at2.uheWG/igi', 'dtBkMk6Cot', '2024-11-04 12:15:14', '2024-11-04 12:15:14'),
(137, 'Desmond O\'Kon', 'issac.effertz@example.org', '2024-11-04 12:15:14', '$2y$10$92IXUNpkjO0rOQ5byMi.Ye4oKoEa3Ro9llC/.og/at2.uheWG/igi', 'LlY1LRgjC3', '2024-11-04 12:15:14', '2024-11-04 12:15:14'),
(138, 'Lucio Schaden V', 'kari.oreilly@example.org', '2024-11-04 12:15:14', '$2y$10$92IXUNpkjO0rOQ5byMi.Ye4oKoEa3Ro9llC/.og/at2.uheWG/igi', 'n8v9Rqqe9h', '2024-11-04 12:15:14', '2024-11-04 12:15:14'),
(139, 'Prof. Nola Friesen IV', 'lilly.ryan@example.com', '2024-11-04 12:15:14', '$2y$10$92IXUNpkjO0rOQ5byMi.Ye4oKoEa3Ro9llC/.og/at2.uheWG/igi', 'IKu87xbwmJ', '2024-11-04 12:15:14', '2024-11-04 12:15:14'),
(140, 'Keon Bradtke', 'ivah.schumm@example.com', '2024-11-04 12:15:14', '$2y$10$92IXUNpkjO0rOQ5byMi.Ye4oKoEa3Ro9llC/.og/at2.uheWG/igi', 'QnSbXHDhxE', '2024-11-04 12:15:14', '2024-11-04 12:15:14'),
(141, 'Reinhold Cartwright', 'jacobs.mertie@example.org', '2024-11-04 12:15:14', '$2y$10$92IXUNpkjO0rOQ5byMi.Ye4oKoEa3Ro9llC/.og/at2.uheWG/igi', 'GmwHPP7Owm', '2024-11-04 12:15:14', '2024-11-04 12:15:14'),
(142, 'Dr. Gregory Schaden', 'kamron19@example.net', '2024-11-04 12:15:14', '$2y$10$92IXUNpkjO0rOQ5byMi.Ye4oKoEa3Ro9llC/.og/at2.uheWG/igi', 'yQ7zqztlOF', '2024-11-04 12:15:14', '2024-11-04 12:15:14'),
(143, 'Felipa Homenick', 'sdubuque@example.com', '2024-11-04 12:15:14', '$2y$10$92IXUNpkjO0rOQ5byMi.Ye4oKoEa3Ro9llC/.og/at2.uheWG/igi', '9wquktKnlg', '2024-11-04 12:15:14', '2024-11-04 12:15:14'),
(144, 'Niko Moen III', 'viola.dubuque@example.net', '2024-11-04 12:15:14', '$2y$10$92IXUNpkjO0rOQ5byMi.Ye4oKoEa3Ro9llC/.og/at2.uheWG/igi', 'MmDubkbLBZ', '2024-11-04 12:15:14', '2024-11-04 12:15:14'),
(145, 'Waldo Wolff', 'sharon21@example.com', '2024-11-04 12:15:14', '$2y$10$92IXUNpkjO0rOQ5byMi.Ye4oKoEa3Ro9llC/.og/at2.uheWG/igi', 'QjHX87gDHS', '2024-11-04 12:15:14', '2024-11-04 12:15:14'),
(146, 'Miles Botsford', 'kozey.joy@example.com', '2024-11-04 12:15:14', '$2y$10$92IXUNpkjO0rOQ5byMi.Ye4oKoEa3Ro9llC/.og/at2.uheWG/igi', 'hrGl9ZCgUl', '2024-11-04 12:15:14', '2024-11-04 12:15:14'),
(147, 'Claire Schaden MD', 'jmoore@example.com', '2024-11-04 12:15:14', '$2y$10$92IXUNpkjO0rOQ5byMi.Ye4oKoEa3Ro9llC/.og/at2.uheWG/igi', 'DKqlJxU8NH', '2024-11-04 12:15:14', '2024-11-04 12:15:14'),
(148, 'Demond Smitham', 'arlie.runolfsdottir@example.net', '2024-11-04 12:15:14', '$2y$10$92IXUNpkjO0rOQ5byMi.Ye4oKoEa3Ro9llC/.og/at2.uheWG/igi', 'xCff12eUxa', '2024-11-04 12:15:14', '2024-11-04 12:15:14'),
(149, 'Hudson Lesch', 'frunolfsdottir@example.org', '2024-11-04 12:15:14', '$2y$10$92IXUNpkjO0rOQ5byMi.Ye4oKoEa3Ro9llC/.og/at2.uheWG/igi', 'vGok55meBf', '2024-11-04 12:15:14', '2024-11-04 12:15:14'),
(150, 'Peyton Grant', 'carolyn91@example.org', '2024-11-04 12:15:14', '$2y$10$92IXUNpkjO0rOQ5byMi.Ye4oKoEa3Ro9llC/.og/at2.uheWG/igi', 'uwVekQ2hxG', '2024-11-04 12:15:14', '2024-11-04 12:15:14'),
(151, 'Jacques Jacobson', 'hoppe.janis@example.com', '2024-11-04 12:15:14', '$2y$10$92IXUNpkjO0rOQ5byMi.Ye4oKoEa3Ro9llC/.og/at2.uheWG/igi', 's5cP1jeluQ', '2024-11-04 12:15:14', '2024-11-04 12:15:14'),
(152, 'Dorothy Blick', 'schulist.destin@example.org', '2024-11-04 12:15:14', '$2y$10$92IXUNpkjO0rOQ5byMi.Ye4oKoEa3Ro9llC/.og/at2.uheWG/igi', 'N3GO1QqSal', '2024-11-04 12:15:14', '2024-11-04 12:15:14'),
(153, 'Mr. Adam Kris', 'concepcion.hills@example.com', '2024-11-04 12:15:14', '$2y$10$92IXUNpkjO0rOQ5byMi.Ye4oKoEa3Ro9llC/.og/at2.uheWG/igi', 'X4mpDAALR8', '2024-11-04 12:15:14', '2024-11-04 12:15:14'),
(154, 'Mr. Rocky Kessler II', 'schimmel.isaiah@example.com', '2024-11-04 12:15:14', '$2y$10$92IXUNpkjO0rOQ5byMi.Ye4oKoEa3Ro9llC/.og/at2.uheWG/igi', '8iCufGJYjJ', '2024-11-04 12:15:14', '2024-11-04 12:15:14'),
(155, 'Miss Andreanne Collier DVM', 'heathcote.hailie@example.net', '2024-11-04 12:15:14', '$2y$10$92IXUNpkjO0rOQ5byMi.Ye4oKoEa3Ro9llC/.og/at2.uheWG/igi', 'RQEOijmzbJ', '2024-11-04 12:15:14', '2024-11-04 12:15:14'),
(156, 'Kaleb Homenick', 'ernie.shanahan@example.org', '2024-11-04 12:15:14', '$2y$10$92IXUNpkjO0rOQ5byMi.Ye4oKoEa3Ro9llC/.og/at2.uheWG/igi', 'k2HU4XDyWD', '2024-11-04 12:15:14', '2024-11-04 12:15:14'),
(157, 'Montana White', 'vada.ryan@example.com', '2024-11-04 12:15:14', '$2y$10$92IXUNpkjO0rOQ5byMi.Ye4oKoEa3Ro9llC/.og/at2.uheWG/igi', 'hTL5IGd1nJ', '2024-11-04 12:15:14', '2024-11-04 12:15:14'),
(158, 'Prof. Mohammad Hansen Jr.', 'kweimann@example.com', '2024-11-04 12:15:14', '$2y$10$92IXUNpkjO0rOQ5byMi.Ye4oKoEa3Ro9llC/.og/at2.uheWG/igi', '9Nu6URSfS8', '2024-11-04 12:15:14', '2024-11-04 12:15:14'),
(159, 'Schuyler Kemmer', 'evert61@example.net', '2024-11-04 12:15:14', '$2y$10$92IXUNpkjO0rOQ5byMi.Ye4oKoEa3Ro9llC/.og/at2.uheWG/igi', 'm0t2KgQirP', '2024-11-04 12:15:14', '2024-11-04 12:15:14'),
(160, 'Jayde Beatty', 'ybins@example.net', '2024-11-04 12:15:14', '$2y$10$92IXUNpkjO0rOQ5byMi.Ye4oKoEa3Ro9llC/.og/at2.uheWG/igi', 'CJ4cSMWvkb', '2024-11-04 12:15:15', '2024-11-04 12:15:15'),
(161, 'Zander Schamberger', 'jlegros@example.net', '2024-11-04 12:15:14', '$2y$10$92IXUNpkjO0rOQ5byMi.Ye4oKoEa3Ro9llC/.og/at2.uheWG/igi', 'qWUv1BhlCi', '2024-11-04 12:15:15', '2024-11-04 12:15:15'),
(162, 'Tracey Beier', 'xstamm@example.com', '2024-11-04 12:15:14', '$2y$10$92IXUNpkjO0rOQ5byMi.Ye4oKoEa3Ro9llC/.og/at2.uheWG/igi', 'CYoZi5xX8I', '2024-11-04 12:15:15', '2024-11-04 12:15:15'),
(163, 'Dr. Wilfred Abernathy', 'bergnaum.edythe@example.com', '2024-11-04 12:15:14', '$2y$10$92IXUNpkjO0rOQ5byMi.Ye4oKoEa3Ro9llC/.og/at2.uheWG/igi', 'yVuQwzQZ9O', '2024-11-04 12:15:15', '2024-11-04 12:15:15'),
(164, 'Mrs. Frieda Kuphal', 'purdy.verda@example.net', '2024-11-04 12:15:14', '$2y$10$92IXUNpkjO0rOQ5byMi.Ye4oKoEa3Ro9llC/.og/at2.uheWG/igi', '710khWJLLL', '2024-11-04 12:15:15', '2024-11-04 12:15:15'),
(165, 'Miss Virgie Bode', 'bret42@example.net', '2024-11-04 12:15:14', '$2y$10$92IXUNpkjO0rOQ5byMi.Ye4oKoEa3Ro9llC/.og/at2.uheWG/igi', 'Q9DSw8P9rU', '2024-11-04 12:15:15', '2024-11-04 12:15:15'),
(166, 'Taryn Goyette', 'schinner.amelie@example.net', '2024-11-04 12:15:14', '$2y$10$92IXUNpkjO0rOQ5byMi.Ye4oKoEa3Ro9llC/.og/at2.uheWG/igi', 'gH4XtH029v', '2024-11-04 12:15:15', '2024-11-04 12:15:15'),
(167, 'Piper Price', 'lurline16@example.org', '2024-11-04 12:15:14', '$2y$10$92IXUNpkjO0rOQ5byMi.Ye4oKoEa3Ro9llC/.og/at2.uheWG/igi', 'bTZKbZbSKA', '2024-11-04 12:15:15', '2024-11-04 12:15:15'),
(168, 'Dr. Jedidiah Harris IV', 'edythe22@example.org', '2024-11-04 12:15:14', '$2y$10$92IXUNpkjO0rOQ5byMi.Ye4oKoEa3Ro9llC/.og/at2.uheWG/igi', 'm3UIqpoe7w', '2024-11-04 12:15:15', '2024-11-04 12:15:15'),
(169, 'Kaya Carroll IV', 'dorothea.schuppe@example.org', '2024-11-04 12:15:14', '$2y$10$92IXUNpkjO0rOQ5byMi.Ye4oKoEa3Ro9llC/.og/at2.uheWG/igi', '79MnyrzQqL', '2024-11-04 12:15:15', '2024-11-04 12:15:15'),
(170, 'Prof. Myrtis Blick PhD', 'dolly.flatley@example.net', '2024-11-04 12:15:14', '$2y$10$92IXUNpkjO0rOQ5byMi.Ye4oKoEa3Ro9llC/.og/at2.uheWG/igi', 'SBX38eORrS', '2024-11-04 12:15:15', '2024-11-04 12:15:15'),
(171, 'Mertie Roob', 'bode.avis@example.com', '2024-11-04 12:15:14', '$2y$10$92IXUNpkjO0rOQ5byMi.Ye4oKoEa3Ro9llC/.og/at2.uheWG/igi', '39ahEw0Ppk', '2024-11-04 12:15:15', '2024-11-04 12:15:15'),
(172, 'Florida Block', 'alberto92@example.com', '2024-11-04 12:15:14', '$2y$10$92IXUNpkjO0rOQ5byMi.Ye4oKoEa3Ro9llC/.og/at2.uheWG/igi', 'tuXZ57B4pk', '2024-11-04 12:15:15', '2024-11-04 12:15:15'),
(173, 'Eulah Rogahn III', 'antwon18@example.com', '2024-11-04 12:15:14', '$2y$10$92IXUNpkjO0rOQ5byMi.Ye4oKoEa3Ro9llC/.og/at2.uheWG/igi', 'FunwDxy0Ic', '2024-11-04 12:15:15', '2024-11-04 12:15:15'),
(174, 'Clarabelle Simonis', 'wuckert.napoleon@example.org', '2024-11-04 12:15:14', '$2y$10$92IXUNpkjO0rOQ5byMi.Ye4oKoEa3Ro9llC/.og/at2.uheWG/igi', 'WMF9jQaPcW', '2024-11-04 12:15:15', '2024-11-04 12:15:15'),
(175, 'Luella Konopelski', 'kweber@example.com', '2024-11-04 12:15:14', '$2y$10$92IXUNpkjO0rOQ5byMi.Ye4oKoEa3Ro9llC/.og/at2.uheWG/igi', 'sfyLsehWTu', '2024-11-04 12:15:15', '2024-11-04 12:15:15'),
(176, 'Mr. Nelson Kuvalis', 'bstark@example.org', '2024-11-04 12:15:14', '$2y$10$92IXUNpkjO0rOQ5byMi.Ye4oKoEa3Ro9llC/.og/at2.uheWG/igi', '09Ewv2ruCM', '2024-11-04 12:15:15', '2024-11-04 12:15:15'),
(177, 'Renee Altenwerth', 'runolfsson.tyra@example.com', '2024-11-04 12:15:14', '$2y$10$92IXUNpkjO0rOQ5byMi.Ye4oKoEa3Ro9llC/.og/at2.uheWG/igi', 'dWVkXs5YY2', '2024-11-04 12:15:15', '2024-11-04 12:15:15'),
(178, 'Dr. Dee Purdy III', 'jlehner@example.com', '2024-11-04 12:15:14', '$2y$10$92IXUNpkjO0rOQ5byMi.Ye4oKoEa3Ro9llC/.og/at2.uheWG/igi', 'iamCbKhaXY', '2024-11-04 12:15:15', '2024-11-04 12:15:15'),
(179, 'Dr. Adrian Ruecker III', 'jkutch@example.org', '2024-11-04 12:15:14', '$2y$10$92IXUNpkjO0rOQ5byMi.Ye4oKoEa3Ro9llC/.og/at2.uheWG/igi', 'Oi7RohNzVL', '2024-11-04 12:15:15', '2024-11-04 12:15:15'),
(180, 'Prof. Juana Crist', 'jaydon45@example.org', '2024-11-04 12:15:14', '$2y$10$92IXUNpkjO0rOQ5byMi.Ye4oKoEa3Ro9llC/.og/at2.uheWG/igi', '17wjqIxpaY', '2024-11-04 12:15:15', '2024-11-04 12:15:15'),
(181, 'Elisha Leuschke', 'jaqueline77@example.org', '2024-11-04 12:15:14', '$2y$10$92IXUNpkjO0rOQ5byMi.Ye4oKoEa3Ro9llC/.og/at2.uheWG/igi', '4oNQS1pP3D', '2024-11-04 12:15:15', '2024-11-04 12:15:15'),
(182, 'Casimir Heaney', 'april83@example.net', '2024-11-04 12:15:14', '$2y$10$92IXUNpkjO0rOQ5byMi.Ye4oKoEa3Ro9llC/.og/at2.uheWG/igi', '4In7gjhv3y', '2024-11-04 12:15:15', '2024-11-04 12:15:15'),
(183, 'Glen Lockman Jr.', 'savanna66@example.net', '2024-11-04 12:15:14', '$2y$10$92IXUNpkjO0rOQ5byMi.Ye4oKoEa3Ro9llC/.og/at2.uheWG/igi', 'k44X3MEgDn', '2024-11-04 12:15:15', '2024-11-04 12:15:15'),
(184, 'Vincenza Hickle DVM', 'ywalter@example.org', '2024-11-04 12:15:14', '$2y$10$92IXUNpkjO0rOQ5byMi.Ye4oKoEa3Ro9llC/.og/at2.uheWG/igi', 'ucKG9UqGwy', '2024-11-04 12:15:15', '2024-11-04 12:15:15'),
(185, 'Jimmie Mraz', 'rkunde@example.org', '2024-11-04 12:15:14', '$2y$10$92IXUNpkjO0rOQ5byMi.Ye4oKoEa3Ro9llC/.og/at2.uheWG/igi', 'hSc9WtyNWi', '2024-11-04 12:15:15', '2024-11-04 12:15:15'),
(186, 'Florine Bernier II', 'witting.ewell@example.net', '2024-11-04 12:15:14', '$2y$10$92IXUNpkjO0rOQ5byMi.Ye4oKoEa3Ro9llC/.og/at2.uheWG/igi', 'zOmPA93LQC', '2024-11-04 12:15:15', '2024-11-04 12:15:15'),
(187, 'Markus Hahn', 'violette.hoppe@example.com', '2024-11-04 12:15:14', '$2y$10$92IXUNpkjO0rOQ5byMi.Ye4oKoEa3Ro9llC/.og/at2.uheWG/igi', 'k6cc1nuJyg', '2024-11-04 12:15:15', '2024-11-04 12:15:15'),
(188, 'Dr. Murray Hills', 'delfina77@example.org', '2024-11-04 12:15:14', '$2y$10$92IXUNpkjO0rOQ5byMi.Ye4oKoEa3Ro9llC/.og/at2.uheWG/igi', 'YjRDXRoGO9', '2024-11-04 12:15:15', '2024-11-04 12:15:15'),
(189, 'Rosalinda Grady IV', 'witting.cassandra@example.com', '2024-11-04 12:15:14', '$2y$10$92IXUNpkjO0rOQ5byMi.Ye4oKoEa3Ro9llC/.og/at2.uheWG/igi', '9SSqY5bred', '2024-11-04 12:15:15', '2024-11-04 12:15:15'),
(190, 'Kade Zieme Jr.', 'xhamill@example.org', '2024-11-04 12:15:14', '$2y$10$92IXUNpkjO0rOQ5byMi.Ye4oKoEa3Ro9llC/.og/at2.uheWG/igi', 'vmdZRxihlc', '2024-11-04 12:15:15', '2024-11-04 12:15:15'),
(191, 'Dr. Daphne Schmeler', 'mortimer.bednar@example.net', '2024-11-04 12:15:14', '$2y$10$92IXUNpkjO0rOQ5byMi.Ye4oKoEa3Ro9llC/.og/at2.uheWG/igi', '7W37UDABGi', '2024-11-04 12:15:15', '2024-11-04 12:15:15'),
(192, 'Mr. Antwon Lang', 'bednar.ila@example.net', '2024-11-04 12:15:14', '$2y$10$92IXUNpkjO0rOQ5byMi.Ye4oKoEa3Ro9llC/.og/at2.uheWG/igi', 'YAiYqjfWlo', '2024-11-04 12:15:15', '2024-11-04 12:15:15'),
(193, 'Brett Leannon', 'vance13@example.org', '2024-11-04 12:15:14', '$2y$10$92IXUNpkjO0rOQ5byMi.Ye4oKoEa3Ro9llC/.og/at2.uheWG/igi', 'bvLfUOPfFz', '2024-11-04 12:15:15', '2024-11-04 12:15:15'),
(194, 'Arnold Christiansen', 'walker.june@example.com', '2024-11-04 12:15:14', '$2y$10$92IXUNpkjO0rOQ5byMi.Ye4oKoEa3Ro9llC/.og/at2.uheWG/igi', 'JetiCu8E2Q', '2024-11-04 12:15:15', '2024-11-04 12:15:15'),
(195, 'Patience Bartoletti', 'aconn@example.com', '2024-11-04 12:15:14', '$2y$10$92IXUNpkjO0rOQ5byMi.Ye4oKoEa3Ro9llC/.og/at2.uheWG/igi', 'UHi67n1peU', '2024-11-04 12:15:15', '2024-11-04 12:15:15'),
(196, 'Darion Baumbach V', 'selena.reichert@example.org', '2024-11-04 12:15:14', '$2y$10$92IXUNpkjO0rOQ5byMi.Ye4oKoEa3Ro9llC/.og/at2.uheWG/igi', 'wyAcMSzFJW', '2024-11-04 12:15:15', '2024-11-04 12:15:15'),
(197, 'Ms. Velda Stracke', 'buddy36@example.org', '2024-11-04 12:15:14', '$2y$10$92IXUNpkjO0rOQ5byMi.Ye4oKoEa3Ro9llC/.og/at2.uheWG/igi', 'nF7xWXgAV4', '2024-11-04 12:15:15', '2024-11-04 12:15:15'),
(198, 'Jacynthe Langworth', 'zora71@example.org', '2024-11-04 12:15:14', '$2y$10$92IXUNpkjO0rOQ5byMi.Ye4oKoEa3Ro9llC/.og/at2.uheWG/igi', 'AX14HyOI7j', '2024-11-04 12:15:15', '2024-11-04 12:15:15'),
(199, 'Prof. Geoffrey Weimann', 'delphine04@example.net', '2024-11-04 12:15:14', '$2y$10$92IXUNpkjO0rOQ5byMi.Ye4oKoEa3Ro9llC/.og/at2.uheWG/igi', 'TP9NTBzlHi', '2024-11-04 12:15:15', '2024-11-04 12:15:15'),
(200, 'Alden Zboncak', 'littel.keeley@example.net', '2024-11-04 12:15:14', '$2y$10$92IXUNpkjO0rOQ5byMi.Ye4oKoEa3Ro9llC/.og/at2.uheWG/igi', 'jZJWLHLKVR', '2024-11-04 12:15:15', '2024-11-04 12:15:15'),
(201, 'Prof. Grace Schimmel', 'mrenner@example.org', '2024-11-04 12:15:14', '$2y$10$92IXUNpkjO0rOQ5byMi.Ye4oKoEa3Ro9llC/.og/at2.uheWG/igi', 'PbGNvb4Dxc', '2024-11-04 12:15:15', '2024-11-04 12:15:15'),
(202, 'Prof. Kenyon Jakubowski IV', 'deondre.hills@example.org', '2024-11-04 12:15:14', '$2y$10$92IXUNpkjO0rOQ5byMi.Ye4oKoEa3Ro9llC/.og/at2.uheWG/igi', 'kTLrWrblbz', '2024-11-04 12:15:15', '2024-11-04 12:15:15'),
(203, 'Molly Turner', 'bwalker@example.com', '2024-11-04 12:15:14', '$2y$10$92IXUNpkjO0rOQ5byMi.Ye4oKoEa3Ro9llC/.og/at2.uheWG/igi', 'CRla6Z38kh', '2024-11-04 12:15:15', '2024-11-04 12:15:15'),
(204, 'Hardy Bruen', 'adolphus.oconner@example.org', '2024-11-04 12:15:14', '$2y$10$92IXUNpkjO0rOQ5byMi.Ye4oKoEa3Ro9llC/.og/at2.uheWG/igi', 'ZrBRwgvjRI', '2024-11-04 12:15:15', '2024-11-04 12:15:15'),
(205, 'Krystal Tillman', 'henry58@example.org', '2024-11-04 12:15:14', '$2y$10$92IXUNpkjO0rOQ5byMi.Ye4oKoEa3Ro9llC/.og/at2.uheWG/igi', 'Yvw0gnbAKC', '2024-11-04 12:15:15', '2024-11-04 12:15:15'),
(206, 'Kristin Lemke', 'murray07@example.org', '2024-11-04 12:15:14', '$2y$10$92IXUNpkjO0rOQ5byMi.Ye4oKoEa3Ro9llC/.og/at2.uheWG/igi', 'mcbdSEKnyU', '2024-11-04 12:15:15', '2024-11-04 12:15:15'),
(207, 'Kristofer Tromp', 'hirthe.pat@example.com', '2024-11-04 12:15:14', '$2y$10$92IXUNpkjO0rOQ5byMi.Ye4oKoEa3Ro9llC/.og/at2.uheWG/igi', 'q4iFQWRJwH', '2024-11-04 12:15:15', '2024-11-04 12:15:15'),
(208, 'Fiona Schinner', 'leatha72@example.org', '2024-11-04 12:15:14', '$2y$10$92IXUNpkjO0rOQ5byMi.Ye4oKoEa3Ro9llC/.og/at2.uheWG/igi', 'XFt2uWmLAP', '2024-11-04 12:15:15', '2024-11-04 12:15:15'),
(209, 'Dr. Dana Ziemann', 'reece.jacobson@example.net', '2024-11-04 12:15:14', '$2y$10$92IXUNpkjO0rOQ5byMi.Ye4oKoEa3Ro9llC/.og/at2.uheWG/igi', '0j8hiIibLR', '2024-11-04 12:15:15', '2024-11-04 12:15:15'),
(210, 'Prof. Johnpaul Abernathy', 'jakubowski.domenica@example.com', '2024-11-04 12:15:14', '$2y$10$92IXUNpkjO0rOQ5byMi.Ye4oKoEa3Ro9llC/.og/at2.uheWG/igi', '8W7QClgDDA', '2024-11-04 12:15:15', '2024-11-04 12:15:15'),
(211, 'Quentin Hansen', 'katherine39@example.org', '2024-11-04 12:15:14', '$2y$10$92IXUNpkjO0rOQ5byMi.Ye4oKoEa3Ro9llC/.og/at2.uheWG/igi', 'X6PuobO3Fw', '2024-11-04 12:15:15', '2024-11-04 12:15:15'),
(212, 'Mr. Rex Ward V', 'mia.thiel@example.org', '2024-11-04 12:15:14', '$2y$10$92IXUNpkjO0rOQ5byMi.Ye4oKoEa3Ro9llC/.og/at2.uheWG/igi', 'u3yK5OwXBZ', '2024-11-04 12:15:15', '2024-11-04 12:15:15'),
(213, 'Prof. Roman Kiehn MD', 'rolfson.theresa@example.net', '2024-11-04 12:15:14', '$2y$10$92IXUNpkjO0rOQ5byMi.Ye4oKoEa3Ro9llC/.og/at2.uheWG/igi', 'idTWvmLcur', '2024-11-04 12:15:15', '2024-11-04 12:15:15'),
(214, 'Rosa Harvey', 'brekke.daniella@example.org', '2024-11-04 12:15:14', '$2y$10$92IXUNpkjO0rOQ5byMi.Ye4oKoEa3Ro9llC/.og/at2.uheWG/igi', 'HcrSRMj60c', '2024-11-04 12:15:15', '2024-11-04 12:15:15'),
(215, 'Ms. Meda O\'Kon II', 'wade49@example.com', '2024-11-04 12:15:14', '$2y$10$92IXUNpkjO0rOQ5byMi.Ye4oKoEa3Ro9llC/.og/at2.uheWG/igi', 'Ljwe1Cv2ri', '2024-11-04 12:15:15', '2024-11-04 12:15:15'),
(216, 'Uriah Hermiston', 'serenity.bashirian@example.net', '2024-11-04 12:15:14', '$2y$10$92IXUNpkjO0rOQ5byMi.Ye4oKoEa3Ro9llC/.og/at2.uheWG/igi', 'EXeQnoRsii', '2024-11-04 12:15:15', '2024-11-04 12:15:15'),
(217, 'Adrain Schowalter', 'nick93@example.com', '2024-11-04 12:15:14', '$2y$10$92IXUNpkjO0rOQ5byMi.Ye4oKoEa3Ro9llC/.og/at2.uheWG/igi', 'hVmXWlZYlq', '2024-11-04 12:15:15', '2024-11-04 12:15:15'),
(218, 'Collin Funk PhD', 'kaylie.kshlerin@example.net', '2024-11-04 12:15:14', '$2y$10$92IXUNpkjO0rOQ5byMi.Ye4oKoEa3Ro9llC/.og/at2.uheWG/igi', '5S1AxBomzt', '2024-11-04 12:15:15', '2024-11-04 12:15:15'),
(219, 'Evangeline Franecki', 'nikita.emmerich@example.com', '2024-11-04 12:15:14', '$2y$10$92IXUNpkjO0rOQ5byMi.Ye4oKoEa3Ro9llC/.og/at2.uheWG/igi', 'KygwV1nb7t', '2024-11-04 12:15:15', '2024-11-04 12:15:15'),
(220, 'Naomi Hauck', 'stacy19@example.net', '2024-11-04 12:15:14', '$2y$10$92IXUNpkjO0rOQ5byMi.Ye4oKoEa3Ro9llC/.og/at2.uheWG/igi', 'myWPzoiBvK', '2024-11-04 12:15:15', '2024-11-04 12:15:15'),
(221, 'Herta Cummerata', 'romaguera.laury@example.net', '2024-11-04 12:15:14', '$2y$10$92IXUNpkjO0rOQ5byMi.Ye4oKoEa3Ro9llC/.og/at2.uheWG/igi', 'zLqtEkg2Kc', '2024-11-04 12:15:15', '2024-11-04 12:15:15'),
(222, 'Mrs. Carissa Treutel', 'vadams@example.net', '2024-11-04 12:15:14', '$2y$10$92IXUNpkjO0rOQ5byMi.Ye4oKoEa3Ro9llC/.og/at2.uheWG/igi', '9aecv94Nlh', '2024-11-04 12:15:15', '2024-11-04 12:15:15'),
(223, 'Aryanna Oberbrunner', 'ihermann@example.net', '2024-11-04 12:15:14', '$2y$10$92IXUNpkjO0rOQ5byMi.Ye4oKoEa3Ro9llC/.og/at2.uheWG/igi', 'YpKzLxHfox', '2024-11-04 12:15:15', '2024-11-04 12:15:15'),
(224, 'Mr. Trystan Blanda V', 'zwiegand@example.org', '2024-11-04 12:15:14', '$2y$10$92IXUNpkjO0rOQ5byMi.Ye4oKoEa3Ro9llC/.og/at2.uheWG/igi', 'Tx5Y6VV26z', '2024-11-04 12:15:15', '2024-11-04 12:15:15'),
(225, 'Travis Harber V', 'colin.yost@example.com', '2024-11-04 12:15:14', '$2y$10$92IXUNpkjO0rOQ5byMi.Ye4oKoEa3Ro9llC/.og/at2.uheWG/igi', 'hax15Cw1KM', '2024-11-04 12:15:15', '2024-11-04 12:15:15'),
(226, 'Ottis Lueilwitz', 'ischamberger@example.com', '2024-11-04 12:15:14', '$2y$10$92IXUNpkjO0rOQ5byMi.Ye4oKoEa3Ro9llC/.og/at2.uheWG/igi', 'alLzKihDG9', '2024-11-04 12:15:15', '2024-11-04 12:15:15'),
(227, 'Darrick Muller', 'bergstrom.gaston@example.org', '2024-11-04 12:15:14', '$2y$10$92IXUNpkjO0rOQ5byMi.Ye4oKoEa3Ro9llC/.og/at2.uheWG/igi', 'QLzHBe0Sp9', '2024-11-04 12:15:15', '2024-11-04 12:15:15'),
(228, 'Geraldine Lowe', 'kylie.lowe@example.org', '2024-11-04 12:15:14', '$2y$10$92IXUNpkjO0rOQ5byMi.Ye4oKoEa3Ro9llC/.og/at2.uheWG/igi', '5PZZ1zqwJY', '2024-11-04 12:15:15', '2024-11-04 12:15:15'),
(229, 'Bria Larson', 'xavier34@example.org', '2024-11-04 12:15:14', '$2y$10$92IXUNpkjO0rOQ5byMi.Ye4oKoEa3Ro9llC/.og/at2.uheWG/igi', 'XCpMnCjtH4', '2024-11-04 12:15:15', '2024-11-04 12:15:15'),
(230, 'Dr. Maurice Howe PhD', 'paige.klein@example.net', '2024-11-04 12:15:14', '$2y$10$92IXUNpkjO0rOQ5byMi.Ye4oKoEa3Ro9llC/.og/at2.uheWG/igi', '9jelMSh16b', '2024-11-04 12:15:15', '2024-11-04 12:15:15'),
(231, 'Rubye Dickens', 'evan.collins@example.net', '2024-11-04 12:15:14', '$2y$10$92IXUNpkjO0rOQ5byMi.Ye4oKoEa3Ro9llC/.og/at2.uheWG/igi', 'HYCbV4Pe6u', '2024-11-04 12:15:15', '2024-11-04 12:15:15'),
(232, 'Kitty Prohaska', 'zola01@example.com', '2024-11-04 12:15:14', '$2y$10$92IXUNpkjO0rOQ5byMi.Ye4oKoEa3Ro9llC/.og/at2.uheWG/igi', 'nrSsazAvgH', '2024-11-04 12:15:15', '2024-11-04 12:15:15'),
(233, 'Alize Osinski', 'cormier.eli@example.com', '2024-11-04 12:15:14', '$2y$10$92IXUNpkjO0rOQ5byMi.Ye4oKoEa3Ro9llC/.og/at2.uheWG/igi', '9WzTkj2kCn', '2024-11-04 12:15:15', '2024-11-04 12:15:15'),
(234, 'Reese Johnston', 'peter.crooks@example.org', '2024-11-04 12:15:14', '$2y$10$92IXUNpkjO0rOQ5byMi.Ye4oKoEa3Ro9llC/.og/at2.uheWG/igi', 'u6qsk82cph', '2024-11-04 12:15:15', '2024-11-04 12:15:15'),
(235, 'Hank Carroll', 'flatley.janiya@example.net', '2024-11-04 12:15:14', '$2y$10$92IXUNpkjO0rOQ5byMi.Ye4oKoEa3Ro9llC/.og/at2.uheWG/igi', 'JPv9ETqYhf', '2024-11-04 12:15:15', '2024-11-04 12:15:15'),
(236, 'Miss Halie Prosacco II', 'marion51@example.com', '2024-11-04 12:15:14', '$2y$10$92IXUNpkjO0rOQ5byMi.Ye4oKoEa3Ro9llC/.og/at2.uheWG/igi', 'ew705wRgHI', '2024-11-04 12:15:15', '2024-11-04 12:15:15'),
(237, 'Lura Schmeler', 'alfonzo.cormier@example.com', '2024-11-04 12:15:14', '$2y$10$92IXUNpkjO0rOQ5byMi.Ye4oKoEa3Ro9llC/.og/at2.uheWG/igi', '2ONfSGIOWh', '2024-11-04 12:15:15', '2024-11-04 12:15:15'),
(238, 'Kieran Blick', 'swift.cordelia@example.com', '2024-11-04 12:15:14', '$2y$10$92IXUNpkjO0rOQ5byMi.Ye4oKoEa3Ro9llC/.og/at2.uheWG/igi', 'NqgFsgIPrW', '2024-11-04 12:15:15', '2024-11-04 12:15:15'),
(239, 'Dr. Michael Maggio IV', 'brisa12@example.com', '2024-11-04 12:15:14', '$2y$10$92IXUNpkjO0rOQ5byMi.Ye4oKoEa3Ro9llC/.og/at2.uheWG/igi', 'WGirzuiLCe', '2024-11-04 12:15:15', '2024-11-04 12:15:15'),
(240, 'Timmothy Schuster', 'luella44@example.com', '2024-11-04 12:15:14', '$2y$10$92IXUNpkjO0rOQ5byMi.Ye4oKoEa3Ro9llC/.og/at2.uheWG/igi', 'l8DLXX3Znl', '2024-11-04 12:15:15', '2024-11-04 12:15:15'),
(241, 'Miss Joanie Tremblay', 'ronny99@example.net', '2024-11-04 12:15:14', '$2y$10$92IXUNpkjO0rOQ5byMi.Ye4oKoEa3Ro9llC/.og/at2.uheWG/igi', 'qZHft6uQxV', '2024-11-04 12:15:15', '2024-11-04 12:15:15'),
(242, 'Jarred Sauer', 'dboyle@example.com', '2024-11-04 12:15:14', '$2y$10$92IXUNpkjO0rOQ5byMi.Ye4oKoEa3Ro9llC/.og/at2.uheWG/igi', 'ZuU5aTw1tx', '2024-11-04 12:15:15', '2024-11-04 12:15:15'),
(243, 'Jerome Kuhlman DVM', 'roob.meagan@example.net', '2024-11-04 12:15:14', '$2y$10$92IXUNpkjO0rOQ5byMi.Ye4oKoEa3Ro9llC/.og/at2.uheWG/igi', '2NLwAieI3U', '2024-11-04 12:15:15', '2024-11-04 12:15:15'),
(244, 'Ms. Jewell Sipes I', 'zulauf.pinkie@example.org', '2024-11-04 12:15:14', '$2y$10$92IXUNpkjO0rOQ5byMi.Ye4oKoEa3Ro9llC/.og/at2.uheWG/igi', '7AW9nj0Zp7', '2024-11-04 12:15:15', '2024-11-04 12:15:15'),
(245, 'Ms. Hattie Gibson I', 'zhintz@example.com', '2024-11-04 12:15:14', '$2y$10$92IXUNpkjO0rOQ5byMi.Ye4oKoEa3Ro9llC/.og/at2.uheWG/igi', '8Da1AQWxTx', '2024-11-04 12:15:15', '2024-11-04 12:15:15'),
(246, 'Ms. Gerry Fadel', 'christiansen.alvena@example.org', '2024-11-04 12:15:14', '$2y$10$92IXUNpkjO0rOQ5byMi.Ye4oKoEa3Ro9llC/.og/at2.uheWG/igi', 'evJ92UoXJm', '2024-11-04 12:15:15', '2024-11-04 12:15:15'),
(247, 'Mrs. Octavia Kuhic', 'rosanna32@example.com', '2024-11-04 12:15:14', '$2y$10$92IXUNpkjO0rOQ5byMi.Ye4oKoEa3Ro9llC/.og/at2.uheWG/igi', 'KzdVdXvnPz', '2024-11-04 12:15:15', '2024-11-04 12:15:15'),
(248, 'Judah Zboncak', 'spaucek@example.net', '2024-11-04 12:15:14', '$2y$10$92IXUNpkjO0rOQ5byMi.Ye4oKoEa3Ro9llC/.og/at2.uheWG/igi', '4i6v3vlXmP', '2024-11-04 12:15:15', '2024-11-04 12:15:15'),
(249, 'Donnell Terry', 'maxime.senger@example.org', '2024-11-04 12:15:14', '$2y$10$92IXUNpkjO0rOQ5byMi.Ye4oKoEa3Ro9llC/.og/at2.uheWG/igi', 'O86kfjm24T', '2024-11-04 12:15:15', '2024-11-04 12:15:15'),
(250, 'Eli Larkin', 'schumm.frederic@example.com', '2024-11-04 12:15:14', '$2y$10$92IXUNpkjO0rOQ5byMi.Ye4oKoEa3Ro9llC/.og/at2.uheWG/igi', '1aJqTWODNk', '2024-11-04 12:15:15', '2024-11-04 12:15:15'),
(251, 'Ava Padberg', 'gwendolyn38@example.org', '2024-11-04 12:15:14', '$2y$10$92IXUNpkjO0rOQ5byMi.Ye4oKoEa3Ro9llC/.og/at2.uheWG/igi', 'JjbpyqSYx6', '2024-11-04 12:15:15', '2024-11-04 12:15:15'),
(252, 'Shany Crist IV', 'haylee52@example.org', '2024-11-04 12:15:14', '$2y$10$92IXUNpkjO0rOQ5byMi.Ye4oKoEa3Ro9llC/.og/at2.uheWG/igi', 't2c736b2Ww', '2024-11-04 12:15:15', '2024-11-04 12:15:15');
INSERT INTO `users` (`id`, `name`, `email`, `email_verified_at`, `password`, `remember_token`, `created_at`, `updated_at`) VALUES
(253, 'Dr. Enoch Kirlin', 'chet.dubuque@example.org', '2024-11-04 12:15:14', '$2y$10$92IXUNpkjO0rOQ5byMi.Ye4oKoEa3Ro9llC/.og/at2.uheWG/igi', '38QNxl0PIT', '2024-11-04 12:15:15', '2024-11-04 12:15:15'),
(254, 'Jordi Dibbert', 'annie78@example.net', '2024-11-04 12:15:14', '$2y$10$92IXUNpkjO0rOQ5byMi.Ye4oKoEa3Ro9llC/.og/at2.uheWG/igi', '89Rg0yIT6w', '2024-11-04 12:15:15', '2024-11-04 12:15:15'),
(255, 'Annie Ward', 'horn@example.org', '2024-11-04 12:15:14', '$2y$10$92IXUNpkjO0rOQ5byMi.Ye4oKoEa3Ro9llC/.og/at2.uheWG/igi', 'rLMXE51WSW', '2024-11-04 12:15:15', '2024-11-04 12:15:15'),
(256, 'Prof. Deron Kreiger', 'grayce60@example.net', '2024-11-04 12:15:14', '$2y$10$92IXUNpkjO0rOQ5byMi.Ye4oKoEa3Ro9llC/.og/at2.uheWG/igi', 'Qs0ZMkBct9', '2024-11-04 12:15:15', '2024-11-04 12:15:15'),
(257, 'Verna Jakubowski PhD', 'gutkowski.mark@example.com', '2024-11-04 12:15:14', '$2y$10$92IXUNpkjO0rOQ5byMi.Ye4oKoEa3Ro9llC/.og/at2.uheWG/igi', 'MP94M6Ee2z', '2024-11-04 12:15:15', '2024-11-04 12:15:15'),
(258, 'Roslyn Kilback DDS', 'morar.noemy@example.org', '2024-11-04 12:15:14', '$2y$10$92IXUNpkjO0rOQ5byMi.Ye4oKoEa3Ro9llC/.og/at2.uheWG/igi', 'iU0Bh86w41', '2024-11-04 12:15:15', '2024-11-04 12:15:15'),
(259, 'Claudia Upton', 'aidan.weber@example.net', '2024-11-04 12:15:14', '$2y$10$92IXUNpkjO0rOQ5byMi.Ye4oKoEa3Ro9llC/.og/at2.uheWG/igi', 'dafnhLjuFS', '2024-11-04 12:15:15', '2024-11-04 12:15:15'),
(260, 'Jocelyn Ullrich', 'alvina.dickens@example.com', '2024-11-04 12:15:14', '$2y$10$92IXUNpkjO0rOQ5byMi.Ye4oKoEa3Ro9llC/.og/at2.uheWG/igi', 'yRkLygYFSc', '2024-11-04 12:15:15', '2024-11-04 12:15:15'),
(261, 'Mrs. Jayda Konopelski I', 'brekke.adelia@example.net', '2024-11-04 12:15:14', '$2y$10$92IXUNpkjO0rOQ5byMi.Ye4oKoEa3Ro9llC/.og/at2.uheWG/igi', 'ibN7K4yseS', '2024-11-04 12:15:15', '2024-11-04 12:15:15'),
(262, 'Jacquelyn Kling', 'judah.streich@example.net', '2024-11-04 12:15:14', '$2y$10$92IXUNpkjO0rOQ5byMi.Ye4oKoEa3Ro9llC/.og/at2.uheWG/igi', 'zzLQylRgko', '2024-11-04 12:15:15', '2024-11-04 12:15:15'),
(263, 'Ruben Ritchie', 'demetris19@example.com', '2024-11-04 12:15:14', '$2y$10$92IXUNpkjO0rOQ5byMi.Ye4oKoEa3Ro9llC/.og/at2.uheWG/igi', 'JXFcoJ6siT', '2024-11-04 12:15:15', '2024-11-04 12:15:15'),
(264, 'Kyleigh Rau', 'kyler.oconner@example.net', '2024-11-04 12:15:14', '$2y$10$92IXUNpkjO0rOQ5byMi.Ye4oKoEa3Ro9llC/.og/at2.uheWG/igi', 'Iy0b8Y0k4C', '2024-11-04 12:15:15', '2024-11-04 12:15:15'),
(265, 'Lura Greenholt', 'myrtie10@example.org', '2024-11-04 12:15:14', '$2y$10$92IXUNpkjO0rOQ5byMi.Ye4oKoEa3Ro9llC/.og/at2.uheWG/igi', 'OEGrU106VB', '2024-11-04 12:15:15', '2024-11-04 12:15:15'),
(266, 'Aurelie Bechtelar Jr.', 'suzanne58@example.org', '2024-11-04 12:15:14', '$2y$10$92IXUNpkjO0rOQ5byMi.Ye4oKoEa3Ro9llC/.og/at2.uheWG/igi', 'nutDscd6XV', '2024-11-04 12:15:15', '2024-11-04 12:15:15'),
(267, 'Rasheed Padberg', 'hamill.rudolph@example.net', '2024-11-04 12:15:14', '$2y$10$92IXUNpkjO0rOQ5byMi.Ye4oKoEa3Ro9llC/.og/at2.uheWG/igi', 'fHsT6Ud0Q1', '2024-11-04 12:15:15', '2024-11-04 12:15:15'),
(268, 'Howard Reynolds', 'alayna14@example.com', '2024-11-04 12:15:14', '$2y$10$92IXUNpkjO0rOQ5byMi.Ye4oKoEa3Ro9llC/.og/at2.uheWG/igi', 'G94K6EIgPy', '2024-11-04 12:15:15', '2024-11-04 12:15:15'),
(269, 'Vanessa Klein', 'ryleigh20@example.com', '2024-11-04 12:15:14', '$2y$10$92IXUNpkjO0rOQ5byMi.Ye4oKoEa3Ro9llC/.og/at2.uheWG/igi', 'PQoSnn3DTx', '2024-11-04 12:15:15', '2024-11-04 12:15:15'),
(270, 'Chet Halvorson', 'cormier.blanca@example.com', '2024-11-04 12:15:14', '$2y$10$92IXUNpkjO0rOQ5byMi.Ye4oKoEa3Ro9llC/.og/at2.uheWG/igi', 'z7guw2Ey57', '2024-11-04 12:15:15', '2024-11-04 12:15:15'),
(271, 'Devin Bailey II', 'conroy.mireille@example.org', '2024-11-04 12:15:14', '$2y$10$92IXUNpkjO0rOQ5byMi.Ye4oKoEa3Ro9llC/.og/at2.uheWG/igi', 'KxU97wZW7Y', '2024-11-04 12:15:15', '2024-11-04 12:15:15'),
(272, 'Mr. Pedro Spinka', 'bode.tierra@example.org', '2024-11-04 12:15:14', '$2y$10$92IXUNpkjO0rOQ5byMi.Ye4oKoEa3Ro9llC/.og/at2.uheWG/igi', 'zfSGLnrMR1', '2024-11-04 12:15:15', '2024-11-04 12:15:15'),
(273, 'Jesse Rau', 'gerda76@example.net', '2024-11-04 12:15:14', '$2y$10$92IXUNpkjO0rOQ5byMi.Ye4oKoEa3Ro9llC/.og/at2.uheWG/igi', 'xaLbKmHw1v', '2024-11-04 12:15:15', '2024-11-04 12:15:15'),
(274, 'Mr. Reagan Upton', 'maci.wolff@example.com', '2024-11-04 12:15:14', '$2y$10$92IXUNpkjO0rOQ5byMi.Ye4oKoEa3Ro9llC/.og/at2.uheWG/igi', 'oVcBps3Cuz', '2024-11-04 12:15:15', '2024-11-04 12:15:15'),
(275, 'Prof. Mya Lehner', 'oberbrunner.angelita@example.com', '2024-11-04 12:15:14', '$2y$10$92IXUNpkjO0rOQ5byMi.Ye4oKoEa3Ro9llC/.og/at2.uheWG/igi', '288MP9bu8n', '2024-11-04 12:15:15', '2024-11-04 12:15:15'),
(276, 'Avis Roberts', 'durward.nicolas@example.net', '2024-11-04 12:15:14', '$2y$10$92IXUNpkjO0rOQ5byMi.Ye4oKoEa3Ro9llC/.og/at2.uheWG/igi', 'Tomst3aOhj', '2024-11-04 12:15:15', '2024-11-04 12:15:15'),
(277, 'Jerry Blick', 'collier.pat@example.net', '2024-11-04 12:15:14', '$2y$10$92IXUNpkjO0rOQ5byMi.Ye4oKoEa3Ro9llC/.og/at2.uheWG/igi', 'XDSmej6cFF', '2024-11-04 12:15:15', '2024-11-04 12:15:15'),
(278, 'Zelda Schulist', 'eleonore.mills@example.com', '2024-11-04 12:15:14', '$2y$10$92IXUNpkjO0rOQ5byMi.Ye4oKoEa3Ro9llC/.og/at2.uheWG/igi', 'GrJ6kE4Aaa', '2024-11-04 12:15:15', '2024-11-04 12:15:15'),
(279, 'Mr. Alfonzo Tromp', 'carolyn99@example.net', '2024-11-04 12:15:14', '$2y$10$92IXUNpkjO0rOQ5byMi.Ye4oKoEa3Ro9llC/.og/at2.uheWG/igi', 'kQc3zHRBVp', '2024-11-04 12:15:15', '2024-11-04 12:15:15'),
(280, 'Jaiden Larson', 'percy33@example.org', '2024-11-04 12:15:14', '$2y$10$92IXUNpkjO0rOQ5byMi.Ye4oKoEa3Ro9llC/.og/at2.uheWG/igi', '9NCkdc5eoy', '2024-11-04 12:15:15', '2024-11-04 12:15:15'),
(281, 'Mrs. Alexane Murphy', 'eusebio.ferry@example.net', '2024-11-04 12:15:14', '$2y$10$92IXUNpkjO0rOQ5byMi.Ye4oKoEa3Ro9llC/.og/at2.uheWG/igi', 'Gbk13MMrgw', '2024-11-04 12:15:15', '2024-11-04 12:15:15'),
(282, 'Dr. Scot Leannon IV', 'wilderman.maybelle@example.org', '2024-11-04 12:15:14', '$2y$10$92IXUNpkjO0rOQ5byMi.Ye4oKoEa3Ro9llC/.og/at2.uheWG/igi', 'Ckyr88a1nk', '2024-11-04 12:15:15', '2024-11-04 12:15:15'),
(283, 'Hellen Hauck', 'nadia.senger@example.org', '2024-11-04 12:15:14', '$2y$10$92IXUNpkjO0rOQ5byMi.Ye4oKoEa3Ro9llC/.og/at2.uheWG/igi', 'x5otUfozjp', '2024-11-04 12:15:15', '2024-11-04 12:15:15'),
(284, 'Mr. Gideon Volkman', 'barrows.jaydon@example.org', '2024-11-04 12:15:14', '$2y$10$92IXUNpkjO0rOQ5byMi.Ye4oKoEa3Ro9llC/.og/at2.uheWG/igi', 't0ckWjbiHI', '2024-11-04 12:15:15', '2024-11-04 12:15:15'),
(285, 'Celia Huel', 'marcelle.auer@example.com', '2024-11-04 12:15:14', '$2y$10$92IXUNpkjO0rOQ5byMi.Ye4oKoEa3Ro9llC/.og/at2.uheWG/igi', '3YUdHGJ8Bs', '2024-11-04 12:15:15', '2024-11-04 12:15:15'),
(286, 'Millie Turner', 'jadyn.grady@example.net', '2024-11-04 12:15:14', '$2y$10$92IXUNpkjO0rOQ5byMi.Ye4oKoEa3Ro9llC/.og/at2.uheWG/igi', 'Gi1v2TCDt2', '2024-11-04 12:15:15', '2024-11-04 12:15:15'),
(287, 'Pearl Gulgowski', 'betty.kris@example.net', '2024-11-04 12:15:14', '$2y$10$92IXUNpkjO0rOQ5byMi.Ye4oKoEa3Ro9llC/.og/at2.uheWG/igi', 'gorEfMkQeS', '2024-11-04 12:15:15', '2024-11-04 12:15:15'),
(288, 'Miss Thelma Padberg Sr.', 'nicklaus49@example.org', '2024-11-04 12:15:14', '$2y$10$92IXUNpkjO0rOQ5byMi.Ye4oKoEa3Ro9llC/.og/at2.uheWG/igi', '525IU8RWkH', '2024-11-04 12:15:15', '2024-11-04 12:15:15'),
(289, 'Rozella Roberts PhD', 'ivolkman@example.org', '2024-11-04 12:15:14', '$2y$10$92IXUNpkjO0rOQ5byMi.Ye4oKoEa3Ro9llC/.og/at2.uheWG/igi', 'EdZNCpp3y6', '2024-11-04 12:15:15', '2024-11-04 12:15:15'),
(290, 'Mr. Blake Cole', 'thomas42@example.net', '2024-11-04 12:15:14', '$2y$10$92IXUNpkjO0rOQ5byMi.Ye4oKoEa3Ro9llC/.og/at2.uheWG/igi', 'MSLlAb2DPJ', '2024-11-04 12:15:15', '2024-11-04 12:15:15'),
(291, 'Sheldon Sanford PhD', 'reilly.sydni@example.net', '2024-11-04 12:15:14', '$2y$10$92IXUNpkjO0rOQ5byMi.Ye4oKoEa3Ro9llC/.og/at2.uheWG/igi', 'O5fL4XaVyj', '2024-11-04 12:15:15', '2024-11-04 12:15:15'),
(292, 'Maiya Maggio MD', 'omurazik@example.com', '2024-11-04 12:15:14', '$2y$10$92IXUNpkjO0rOQ5byMi.Ye4oKoEa3Ro9llC/.og/at2.uheWG/igi', '5BjKp9yf1e', '2024-11-04 12:15:15', '2024-11-04 12:15:15'),
(293, 'Ahmed Klein', 'callie85@example.net', '2024-11-04 12:15:14', '$2y$10$92IXUNpkjO0rOQ5byMi.Ye4oKoEa3Ro9llC/.og/at2.uheWG/igi', 'XowbjBS1HN', '2024-11-04 12:15:15', '2024-11-04 12:15:15'),
(294, 'Dylan Lesch Jr.', 'stracke.moises@example.com', '2024-11-04 12:15:14', '$2y$10$92IXUNpkjO0rOQ5byMi.Ye4oKoEa3Ro9llC/.og/at2.uheWG/igi', 'pGOVDHLdIJ', '2024-11-04 12:15:15', '2024-11-04 12:15:15'),
(295, 'Tatyana Hyatt Sr.', 'carmel42@example.org', '2024-11-04 12:15:14', '$2y$10$92IXUNpkjO0rOQ5byMi.Ye4oKoEa3Ro9llC/.og/at2.uheWG/igi', 'lyrHzcMaKv', '2024-11-04 12:15:15', '2024-11-04 12:15:15'),
(296, 'Alexie Bashirian', 'napoleon.larkin@example.org', '2024-11-04 12:15:14', '$2y$10$92IXUNpkjO0rOQ5byMi.Ye4oKoEa3Ro9llC/.og/at2.uheWG/igi', 'ERmGbWI6Xv', '2024-11-04 12:15:15', '2024-11-04 12:15:15'),
(297, 'Miss Janelle Heller', 'armand40@example.org', '2024-11-04 12:15:14', '$2y$10$92IXUNpkjO0rOQ5byMi.Ye4oKoEa3Ro9llC/.og/at2.uheWG/igi', 'd446nijaNC', '2024-11-04 12:15:15', '2024-11-04 12:15:15'),
(298, 'Kane Wilderman', 'jevon.predovic@example.com', '2024-11-04 12:15:14', '$2y$10$92IXUNpkjO0rOQ5byMi.Ye4oKoEa3Ro9llC/.og/at2.uheWG/igi', 'kioEZ2VWKI', '2024-11-04 12:15:15', '2024-11-04 12:15:15'),
(299, 'Mya Hettinger', 'maye31@example.net', '2024-11-04 12:15:14', '$2y$10$92IXUNpkjO0rOQ5byMi.Ye4oKoEa3Ro9llC/.og/at2.uheWG/igi', 'ScrphhuuHK', '2024-11-04 12:15:15', '2024-11-04 12:15:15'),
(300, 'Prof. Raymond Wehner DVM', 'lschmidt@example.org', '2024-11-04 12:15:14', '$2y$10$92IXUNpkjO0rOQ5byMi.Ye4oKoEa3Ro9llC/.og/at2.uheWG/igi', 'S49YHgTPCx', '2024-11-04 12:15:15', '2024-11-04 12:15:15'),
(301, 'Maiya Champlin', 'roberto.jakubowski@example.org', '2024-11-04 12:15:14', '$2y$10$92IXUNpkjO0rOQ5byMi.Ye4oKoEa3Ro9llC/.og/at2.uheWG/igi', 'oUI2YPB35j', '2024-11-04 12:15:15', '2024-11-04 12:15:15'),
(302, 'Dr. Isaias Ward DDS', 'lexie75@example.org', '2024-11-04 12:15:14', '$2y$10$92IXUNpkjO0rOQ5byMi.Ye4oKoEa3Ro9llC/.og/at2.uheWG/igi', 'nKt16onsUg', '2024-11-04 12:15:15', '2024-11-04 12:15:15');
COMMIT;

/*!40101 SET CHARACTER_SET_CLIENT=@OLD_CHARACTER_SET_CLIENT */;
/*!40101 SET CHARACTER_SET_RESULTS=@OLD_CHARACTER_SET_RESULTS */;
/*!40101 SET COLLATION_CONNECTION=@OLD_COLLATION_CONNECTION */;
